Dimmunity,sigma,avg_time,max_time,num_strains,avg_time_repeat,var_time_repeat,avg_prev,var_prev,avg_div,var_div,max_abundance,avg_npmi,div_all_isolates
5.000000000000000000e-01,1.000000000000000056e-01,1.663636363636363669e+01,2.300000000000000000e+01,1.100000000000000000e+01,1.151162790697674465e+00,1.380524955800354059e+00,9.934782608695651618e+01,2.516964426877470487e+03,7.956521739130434590e+00,8.616600790513833097e-01,5.200000000000000000e+01,-3.966274537976561820e-01,6.093660605239744399e+00
5.000000000000000000e-01,2.000000000000000111e-01,1.839999999999999858e+01,2.300000000000000000e+01,1.000000000000000000e+01,1.057471264367816133e+00,7.760281708856557603e-02,9.286956521739129755e+01,2.241664031620553487e+03,8.000000000000000000e+00,8.181818181818182323e-01,5.400000000000000000e+01,-4.054633425845727279e-01,6.455318847759926371e+00
5.000000000000000000e-01,3.000000000000000444e-01,1.633333333333333215e+01,2.300000000000000000e+01,1.500000000000000000e+01,1.056521739130434678e+00,7.976077463451677896e-02,8.617391304347826519e+01,1.935150197628458500e+03,1.065217391304347849e+01,1.873517786561264886e+00,3.900000000000000000e+01,-1.416106182174025341e-01,9.417043219647910135e+00
5.000000000000000000e-01,4.000000000000000222e-01,1.778571428571428470e+01,2.300000000000000000e+01,1.400000000000000000e+01,1.106382978723404298e+00,7.877795962902344185e-01,8.404347826086956275e+01,1.926134387351779196e+03,1.082608695652173836e+01,3.332015810276680146e+00,3.100000000000000000e+01,-1.669440237032068231e-01,1.164377958058702767e+01
5.000000000000000000e-01,5.000000000000000000e-01,1.792857142857142705e+01,2.300000000000000000e+01,1.400000000000000000e+01,1.054852320675105481e+00,6.053779589501536579e-02,7.947826086956521863e+01,1.707806324110671994e+03,1.091304347826086918e+01,3.083003952569171258e+00,3.400000000000000000e+01,-1.580597424617848357e-01,1.169308657017414887e+01
5.000000000000000000e-01,5.999999999999999778e-01,1.700000000000000000e+01,2.300000000000000000e+01,1.500000000000000000e+01,1.058333333333333348e+00,6.352859135285912617e-02,7.117391304347826519e+01,1.334422924901185752e+03,1.108695652173913082e+01,2.901185770750988269e+00,2.100000000000000000e+01,-1.023254840254891190e-01,1.143396548632517273e+01
5.000000000000000000e-01,6.999999999999999556e-01,1.784615384615384670e+01,2.200000000000000000e+01,1.300000000000000000e+01,1.123287671232876761e+00,1.911524443885886937e-01,6.226086956521739069e+01,1.075928853754940747e+03,1.008695652173913082e+01,4.628458498023714895e+00,2.600000000000000000e+01,-2.322214921893556716e-01,1.101893853847394666e+01
5.000000000000000000e-01,7.999999999999999334e-01,1.462500000000000000e+01,2.100000000000000000e+01,1.600000000000000000e+01,1.087155963302752326e+00,1.167927958398511656e-01,5.873913043478260931e+01,9.262015810276676575e+02,1.017391304347826164e+01,3.968379446640316832e+00,2.300000000000000000e+01,-1.030196837314948655e-01,1.383255468252282938e+01
5.000000000000000000e-01,8.999999999999999112e-01,1.630769230769230660e+01,2.100000000000000000e+01,1.300000000000000000e+01,1.120603015075376963e+00,2.076036749403583903e-01,5.008695652173913260e+01,6.982648221343872592e+02,9.217391304347826164e+00,3.905138339920948276e+00,2.300000000000000000e+01,-2.918039550158418316e-01,1.119135719108710347e+01
5.000000000000000000e-01,9.999999999999998890e-01,1.326666666666666750e+01,2.300000000000000000e+01,1.500000000000000000e+01,1.076086956521739024e+00,1.034687574245663905e-01,4.234782608695652328e+01,4.527826086956521863e+02,8.652173913043478493e+00,2.600790513833991735e+00,3.000000000000000000e+01,-2.653547886756142393e-01,1.090440685766885309e+01
1.500000000000000000e+00,1.000000000000000056e-01,1.587500000000000000e+01,2.300000000000000000e+01,8.000000000000000000e+00,1.016806722689075571e+00,1.666429283577838122e-02,9.721739130434782794e+01,2.286632411067193971e+03,5.521739130434782261e+00,4.426877470355731758e-01,6.000000000000000000e+01,-4.546566366242480450e-01,4.380785576032987905e+00
1.500000000000000000e+00,2.000000000000000111e-01,1.519999999999999929e+01,2.300000000000000000e+01,1.500000000000000000e+01,1.028169014084507005e+00,3.693861280892905136e-02,9.073913043478260931e+01,2.160292490118577007e+03,9.913043478260869179e+00,1.901185770750987603e+00,3.600000000000000000e+01,-1.871570305005683943e-01,9.136872106347880163e+00
1.500000000000000000e+00,3.000000000000000444e-01,1.440000000000000036e+01,2.300000000000000000e+01,1.500000000000000000e+01,1.104477611940298587e+00,3.140298507462686572e-01,7.765217391304348382e+01,1.640600790513834227e+03,9.391304347826087806e+00,1.612648221343873534e+00,4.500000000000000000e+01,-2.511731483090938744e-01,8.295498899314608821e+00
1.500000000000000000e+00,4.000000000000000222e-01,1.753846153846154010e+01,2.300000000000000000e+01,1.300000000000000000e+01,1.060465116279069697e+00,8.511193218865466259e-02,6.995652173913043725e+01,1.132952569169960270e+03,9.913043478260869179e+00,2.901185770750987380e+00,2.700000000000000000e+01,-2.550641574577747206e-01,9.851320478844924011e+00
1.500000000000000000e+00,5.000000000000000000e-01,1.600000000000000000e+01,2.300000000000000000e+01,1.300000000000000000e+01,1.056410256410256432e+00,8.443034628601639446e-02,5.808695652173913260e+01,1.023992094861660121e+03,9.043478260869564522e+00,2.679841897233200765e+00,2.500000000000000000e+01,-2.878264815885761552e-01,1.062034798556610227e+01
1.500000000000000000e+00,5.999999999999999778e-01,1.123076923076922995e+01,2.200000000000000000e+01,1.300000000000000000e+01,1.090225563909774431e+00,3.099794941900204659e-01,4.660869565217391397e+01,6.773399209486167365e+02,6.347826086956521507e+00,3.328063241106718806e+00,3.700000000000000000e+01,-4.518749128878678523e-01,8.996191879143093928e+00
1.500000000000000000e+00,6.999999999999999556e-01,1.023076923076922995e+01,1.800000000000000000e+01,1.300000000000000000e+01,1.300000000000000044e+00,1.959663865546218631e+00,3.800000000000000000e+01,4.360000000000000000e+02,5.782608695652173836e+00,2.359683794466403750e+00,2.900000000000000000e+01,-4.705446819408554138e-01,7.816362071791509436e+00
1.500000000000000000e+00,7.999999999999999334e-01,9.800000000000000711e+00,1.900000000000000000e+01,5.000000000000000000e+00,1.431818181818181879e+00,3.971987315010571784e+00,1.286956521739130466e+01,1.595731225296443085e+02,2.130434782608695787e+00,1.027667984189723382e+00,3.200000000000000000e+01,-3.993810543632762555e-01,3.700940917182334644e+00
1.500000000000000000e+00,8.999999999999999112e-01,8.142857142857142350e+00,1.500000000000000000e+01,1.400000000000000000e+01,1.189999999999999947e+00,6.201010101010100417e-01,2.930434782608695699e+01,4.816758893280632492e+02,4.956521739130434590e+00,4.498023715415018664e+00,3.000000000000000000e+01,-5.065095328752591275e-01,1.065393649004133714e+01
1.500000000000000000e+00,9.999999999999998890e-01,6.900000000000000355e+00,1.700000000000000000e+01,1.000000000000000000e+01,1.440677966101694851e+00,5.181765049678547896e+00,1.456521739130434767e+01,9.289328063241107714e+01,3.000000000000000000e+00,1.909090909090909172e+00,2.400000000000000000e+01,-5.842462034555977457e-01,5.647017260522862792e+00
2.500000000000000000e+00,1.000000000000000056e-01,1.710000000000000142e+01,2.300000000000000000e+01,1.000000000000000000e+01,1.024844720496894457e+00,3.687888198757763997e-02,9.647826086956521863e+01,2.328169960474308482e+03,7.434782608695652328e+00,8.932806324110668106e-01,3.500000000000000000e+01,-4.164702513155392749e-01,6.454895984429795952e+00
2.500000000000000000e+00,2.000000000000000111e-01,1.542857142857142883e+01,2.300000000000000000e+01,1.400000000000000000e+01,1.054455445544554504e+00,1.213979606915915610e-01,9.060869565217390686e+01,2.154249011857707956e+03,9.391304347826087806e+00,4.794466403162054746e+00,4.000000000000000000e+01,-2.537259106776360573e-01,8.355896902850762586e+00
2.500000000000000000e+00,3.000000000000000444e-01,1.257142857142857117e+01,2.300000000000000000e+01,1.400000000000000000e+01,1.086419753086419693e+00,1.167088413465224850e-01,7.078260869565217206e+01,1.361450592885375499e+03,7.652173913043478493e+00,1.418972332015810744e+00,3.300000000000000000e+01,-3.701363985548852265e-01,7.277441972920696500e+00
2.500000000000000000e+00,4.000000000000000222e-01,1.692307692307692335e+01,2.300000000000000000e+01,1.300000000000000000e+01,1.082125603864734220e+00,9.516439191407530251e-02,6.556521739130434412e+01,1.226347826086956502e+03,9.565217391304347672e+00,1.984189723320157972e+00,3.500000000000000000e+01,-2.893244245103787082e-01,1.098681131674111811e+01
2.500000000000000000e+00,5.000000000000000000e-01,1.466666666666666607e+01,2.300000000000000000e+01,1.200000000000000000e+01,1.176829268292682862e+00,1.115778841837498980e+00,5.095652173913043725e+01,6.341343873517785141e+02,7.652173913043478493e+00,1.600790513833991957e+00,2.500000000000000000e+01,-3.833953254963311519e-01,8.381653841455966258e+00
2.500000000000000000e+00,5.999999999999999778e-01,1.209090909090909172e+01,1.900000000000000000e+01,1.100000000000000000e+01,1.098360655737705027e+00,1.224766291830375331e-01,3.760869565217391397e+01,4.108853754940713543e+02,5.782608695652173836e+00,2.905138339920949164e+00,3.000000000000000000e+01,-4.899362854069066464e-01,7.706649067810592335e+00
2.500000000000000000e+00,6.999999999999999556e-01,8.900000000000000355e+00,1.900000000000000000e+01,1.000000000000000000e+01,1.291139240506329111e+00,1.747484582927621100e+00,2.365217391304347672e+01,1.839644268774703448e+02,3.869565217391304213e+00,6.640316205533596250e-01,4.000000000000000000e+01,-5.775789458994353698e-01,6.521082608503686373e+00
2.500000000000000000e+00,7.999999999999999334e-01,9.181818181818181657e+00,1.600000000000000000e+01,1.100000000000000000e+01,1.111111111111111160e+00,3.021223470661671406e-01,2.278260869565217561e+01,3.247233201581028084e+02,4.391304347826086918e+00,3.067193675889328119e+00,2.500000000000000000e+01,-5.551812919380852973e-01,6.904812295288485835e+00
2.500000000000000000e+00,8.999999999999999112e-01,7.299999999999999822e+00,1.100000000000000000e+01,1.000000000000000000e+01,1.523809523809523725e+00,3.898617511520737100e+00,2.000000000000000000e+01,1.241818181818181870e+02,3.173913043478260754e+00,1.059288537549407216e+00,2.500000000000000000e+01,-5.883390879459405864e-01,7.800931057415207093e+00
2.500000000000000000e+00,9.999999999999998890e-01,6.071428571428571175e+00,1.300000000000000000e+01,1.400000000000000000e+01,1.154929577464788748e+00,2.470824949698190165e-01,2.313043478260869534e+01,3.101185770750987558e+02,3.695652173913043459e+00,2.221343873517786172e+00,3.800000000000000000e+01,-6.280730941268374279e-01,8.633618581907089862e+00
3.500000000000000000e+00,1.000000000000000056e-01,1.775000000000000000e+01,2.300000000000000000e+01,1.200000000000000000e+01,1.019900497512437720e+00,1.960199004975124448e-02,9.865217391304348382e+01,2.234055335968379495e+03,9.260869565217390686e+00,1.474308300395256399e+00,6.100000000000000000e+01,-3.258115236330642595e-01,6.663798841301864506e+00
3.500000000000000000e+00,2.000000000000000111e-01,1.686666666666666714e+01,2.300000000000000000e+01,1.500000000000000000e+01,1.113445378151260545e+00,3.119703577633585190e-01,8.643478260869565588e+01,1.968347826086956729e+03,1.100000000000000000e+01,4.636363636363636687e+00,3.500000000000000000e+01,-1.018353135419149680e-01,1.103777844840112188e+01
3.500000000000000000e+00,3.000000000000000444e-01,1.415384615384615330e+01,2.300000000000000000e+01,1.300000000000000000e+01,1.157894736842105310e+00,1.239628482972136014e+00,7.421739130434782794e+01,1.322996047430830231e+03,8.000000000000000000e+00,1.181818181818181879e+00,4.800000000000000000e+01,-3.532264900438780719e-01,7.230536602806662216e+00
3.500000000000000000e+00,4.000000000000000222e-01,1.083333333333333393e+01,2.300000000000000000e+01,1.200000000000000000e+01,1.177966101694915224e+00,1.959510357815443582e+00,5.178260869565217206e+01,6.709960474308301173e+02,5.652173913043478493e+00,1.055335968379446765e+00,4.100000000000000000e+01,-5.079336848523987591e-01,4.757092222386316571e+00
3.500000000000000000e+00,5.000000000000000000e-01,1.639999999999999858e+01,2.200000000000000000e+01,1.000000000000000000e+01,1.097402597402597380e+00,1.277056277056276834e-01,4.430434782608695343e+01,6.036758893280632492e+02,7.130434782608695343e+00,3.845849802371539727e+00,3.900000000000000000e+01,-4.157064932647899780e-01,6.825696162551982304e+00
3.500000000000000000e+00,5.999999999999999778e-01,1.075000000000000000e+01,1.800000000000000000e+01,1.200000000000000000e+01,1.136752136752136710e+00,1.880341880341880045e-01,3.934782608695652328e+01,4.601462450592885602e+02,5.608695652173913082e+00,2.885375494071146463e+00,3.300000000000000000e+01,-4.806646552204408840e-01,8.395451933338806683e+00
3.500000000000000000e+00,6.999999999999999556e-01,8.666666666666666075e+00,1.700000000000000000e+01,1.200000000000000000e+01,1.380434782608695565e+00,2.348184424271381410e+00,3.243478260869564878e+01,4.092569169960473801e+02,4.521739130434782261e+00,3.351778656126481515e+00,3.400000000000000000e+01,-5.629440993344931865e-01,7.952295100732600375e+00
3.500000000000000000e+00,7.999999999999999334e-01,6.818181818181818343e+00,1.300000000000000000e+01,1.100000000000000000e+01,1.296875000000000000e+00,1.100942460317460236e+00,1.882608695652173836e+01,7.533201581027667260e+01,3.260869565217391131e+00,1.383399209486166237e+00,3.100000000000000000e+01,-6.120236562134949709e-01,6.177950987515687942e+00
3.500000000000000000e+00,8.999999999999999112e-01,4.285714285714285587e+00,1.100000000000000000e+01,1.400000000000000000e+01,1.195652173913043459e+00,3.386473429951690761e-01,1.530434782608695699e+01,1.804940711462450622e+02,2.608695652173913082e+00,2.339920948616601049e+00,2.400000000000000000e+01,-6.743031725732890891e-01,6.451801566579634439e+00
3.500000000000000000e+00,9.999999999999998890e-01,5.599999999999999645e+00,1.500000000000000000e+01,1.000000000000000000e+01,1.195652173913043459e+00,2.942028985507246230e-01,7.260869565217391575e+00,1.683794466403162104e+01,2.434782608695652328e+00,1.075098814229248578e+00,1.800000000000000000e+01,-6.366560633155742277e-01,5.502580389043271403e+00
4.500000000000000000e+00,1.000000000000000056e-01,1.359999999999999964e+01,2.300000000000000000e+01,1.000000000000000000e+01,1.000000000000000000e+00,0.000000000000000000e+00,9.865217391304348382e+01,2.547964426877470032e+03,5.913043478260869179e+00,5.375494071146245112e-01,5.300000000000000000e+01,-4.952689805630401398e-01,4.699129589924720740e+00
4.500000000000000000e+00,2.000000000000000111e-01,1.811111111111111072e+01,2.300000000000000000e+01,9.000000000000000000e+00,1.025974025974025983e+00,2.546473134708429273e-02,8.804347826086956275e+01,2.156952569169960043e+03,7.086956521739130821e+00,2.648221343873518041e-01,4.700000000000000000e+01,-4.318582014687308290e-01,5.542423488429958134e+00
4.500000000000000000e+00,3.000000000000000444e-01,1.433333333333333393e+01,2.200000000000000000e+01,1.500000000000000000e+01,1.070000000000000062e+00,1.558793969849245342e-01,7.469565217391304657e+01,1.418857707509881493e+03,9.347826086956521507e+00,2.418972332015810078e+00,3.600000000000000000e+01,-1.949922199528162370e-01,8.724294172971246653e+00
4.500000000000000000e+00,4.000000000000000222e-01,1.216666666666666607e+01,2.100000000000000000e+01,1.200000000000000000e+01,1.194029850746268551e+00,1.435753563012007517e+00,6.060869565217391397e+01,1.054339920948616509e+03,6.347826086956521507e+00,1.873517786561264886e+00,4.000000000000000000e+01,-4.356175454518451118e-01,5.795643661282428027e+00
4.500000000000000000e+00,5.000000000000000000e-01,1.250000000000000000e+01,2.000000000000000000e+01,1.200000000000000000e+01,1.202898550724637694e+00,9.220353326986144848e-01,4.926086956521739069e+01,7.313833992094861287e+02,6.521739130434782261e+00,2.533596837944664504e+00,3.800000000000000000e+01,-4.259437300289605766e-01,7.810557341907824025e+00
4.500000000000000000e+00,5.999999999999999778e-01,9.000000000000000000e+00,2.000000000000000000e+01,1.300000000000000000e+01,1.134615384615384581e+00,1.952949962658700744e-01,3.421739130434782794e+01,4.739960474308300036e+02,5.086956521739130821e+00,2.719367588932805724e+00,2.600000000000000000e+01,-5.184508804571705820e-01,8.352443964353227557e+00
4.500000000000000000e+00,6.999999999999999556e-01,7.333333333333333037e+00,1.600000000000000000e+01,9.000000000000000000e+00,1.403508771929824483e+00,3.566416040100248264e+00,2.321739130434782439e+01,3.819051383399209385e+02,2.869565217391304213e+00,1.754940711462450675e+00,3.900000000000000000e+01,-5.709022796794308574e-01,5.417450226502722010e+00
4.500000000000000000e+00,7.999999999999999334e-01,5.909090909090909172e+00,1.200000000000000000e+01,1.100000000000000000e+01,1.166666666666666741e+00,1.792452830188679958e-01,1.452173913043478315e+01,1.450790513833992179e+02,2.826086956521739246e+00,1.059288537549406994e+00,3.400000000000000000e+01,-6.515036837692448346e-01,4.881155095233915553e+00
4.500000000000000000e+00,8.999999999999999112e-01,3.600000000000000089e+00,9.000000000000000000e+00,1.000000000000000000e+01,1.269230769230769162e+00,3.646153846153846190e-01,1.021739130434782616e+01,1.251778656126482332e+02,1.565217391304347894e+00,7.114624505928853759e-01,3.400000000000000000e+01,-6.948885190513176546e-01,3.297948902482907396e+00
4.500000000000000000e+00,9.999999999999998890e-01,6.545454545454545858e+00,9.000000000000000000e+00,1.100000000000000000e+01,1.213114754098360670e+00,9.038251366120221286e-01,1.569565217391304301e+01,1.356758893280632492e+02,3.130434782608695787e+00,2.300395256916996534e+00,2.200000000000000000e+01,-5.960094942051540334e-01,8.102244389027431382e+00
5.500000000000000000e+00,1.000000000000000056e-01,1.450000000000000000e+01,2.300000000000000000e+01,8.000000000000000000e+00,1.037037037037036979e+00,3.599861543786776058e-02,9.952173913043478137e+01,2.342715415019763441e+03,5.043478260869565410e+00,3.162055335968380065e-01,6.600000000000000000e+01,-4.716846557229220638e-01,3.852163500436907473e+00
5.500000000000000000e+00,2.000000000000000111e-01,1.523076923076922995e+01,2.300000000000000000e+01,1.300000000000000000e+01,1.183783783783783683e+00,8.138660399529963341e-01,8.365217391304348382e+01,1.773691699604743235e+03,8.608695652173912194e+00,1.612648221343873534e+00,4.200000000000000000e+01,-3.306928566096259403e-01,6.776285714285714690e+00
5.500000000000000000e+00,3.000000000000000444e-01,1.514285714285714235e+01,2.300000000000000000e+01,1.400000000000000000e+01,1.080808080808080884e+00,1.051120340460441893e-01,7.495652173913043725e+01,1.356770750988142254e+03,9.217391304347826164e+00,2.996047430830039104e+00,2.800000000000000000e+01,-2.651595487278157748e-01,8.614750152257764526e+00
5.500000000000000000e+00,4.000000000000000222e-01,1.150000000000000000e+01,2.300000000000000000e+01,1.600000000000000000e+01,1.130952380952380931e+00,2.222697462218420350e-01,5.900000000000000000e+01,9.550909090909091219e+02,8.000000000000000000e+00,4.000000000000000000e+00,4.100000000000000000e+01,-2.278172676620824344e-01,7.723301378372479320e+00
5.500000000000000000e+00,5.000000000000000000e-01,1.300000000000000000e+01,2.300000000000000000e+01,1.200000000000000000e+01,1.062500000000000000e+00,5.900349650349650393e-02,4.839130434782608603e+01,5.992490118577075009e+02,6.782608695652173836e+00,2.814229249011857448e+00,3.900000000000000000e+01,-4.291658482441863542e-01,7.903799731783638371e+00
5.500000000000000000e+00,5.999999999999999778e-01,8.545454545454544970e+00,1.900000000000000000e+01,1.100000000000000000e+01,1.108433734939759052e+00,2.198060534822216527e-01,3.047826086956521863e+01,4.108972332015810025e+02,4.086956521739130821e+00,3.446640316205533239e+00,3.600000000000000000e+01,-5.804469166594716789e-01,6.396652414224632821e+00
5.500000000000000000e+00,6.999999999999999556e-01,1.011111111111111072e+01,2.100000000000000000e+01,9.000000000000000000e+00,1.182926829268292623e+00,2.500752785305631609e-01,1.943478260869565233e+01,1.231660079051383434e+02,3.956521739130434590e+00,1.407114624505928946e+00,2.700000000000000000e+01,-5.289020741669758774e-01,5.314619321817018793e+00
5.500000000000000000e+00,7.999999999999999334e-01,7.400000000000000355e+00,1.500000000000000000e+01,1.000000000000000000e+01,1.265625000000000000e+00,1.848958333333333259e+00,2.004347826086956630e+01,2.202252964426877213e+02,3.217391304347826164e+00,3.359683794466402862e+00,2.500000000000000000e+01,-5.569758758702882950e-01,6.606230529595015888e+00
5.500000000000000000e+00,8.999999999999999112e-01,5.000000000000000000e+00,1.000000000000000000e+01,1.100000000000000000e+01,1.340909090909090828e+00,1.997357293868922579e+00,1.313043478260869534e+01,1.023913043478260931e+02,2.391304347826086918e+00,1.703557312252964584e+00,3.500000000000000000e+01,-6.642041337836992465e-01,6.210001366306872939e+00
5.500000000000000000e+00,9.999999999999998890e-01,4.846153846153845812e+00,1.000000000000000000e+01,1.300000000000000000e+01,1.060000000000000053e+00,5.755102040816328229e-02,1.286956521739130466e+01,1.303003952569169996e+02,2.739130434782608869e+00,3.292490118577074742e+00,1.800000000000000000e+01,-6.823034606630210552e-01,6.879924361802710386e+00
6.500000000000000000e+00,1.000000000000000056e-01,1.325000000000000000e+01,2.300000000000000000e+01,1.200000000000000000e+01,1.054421768707483054e+00,6.551113596123379901e-02,9.926086956521739069e+01,2.585110671936759445e+03,6.913043478260869179e+00,1.355731225296443077e+00,6.100000000000000000e+01,-4.423700362691713184e-01,4.804994798238041653e+00
6.500000000000000000e+00,2.000000000000000111e-01,1.600000000000000000e+01,2.300000000000000000e+01,1.200000000000000000e+01,1.066666666666666652e+00,8.491620111731841558e-02,8.565217391304348382e+01,1.901055335968379268e+03,8.347826086956521507e+00,1.782608695652174058e+00,3.800000000000000000e+01,-3.464144421923919248e-01,7.664718342699515574e+00
6.500000000000000000e+00,3.000000000000000444e-01,1.423076923076922995e+01,2.300000000000000000e+01,1.300000000000000000e+01,1.180232558139534982e+00,1.786039711682306574e+00,6.973913043478260931e+01,1.230837944664031738e+03,8.043478260869564522e+00,1.407114624505929390e+00,3.700000000000000000e+01,-3.683661661807450804e-01,7.810011542433630716e+00
6.500000000000000000e+00,4.000000000000000222e-01,1.384615384615384670e+01,2.300000000000000000e+01,1.300000000000000000e+01,1.035928143712574911e+00,7.099054902243709386e-02,6.182608695652174191e+01,1.013150197628458386e+03,7.826086956521739246e+00,1.786561264822133621e+00,3.600000000000000000e+01,-3.749438978385569721e-01,7.841627730088014836e+00
6.500000000000000000e+00,5.000000000000000000e-01,1.425000000000000000e+01,2.300000000000000000e+01,8.000000000000000000e+00,1.075471698113207530e+00,1.847259658580412689e-01,3.330434782608695343e+01,3.339486166007905013e+02,4.956521739130434590e+00,1.407114624505928946e+00,2.600000000000000000e+01,-4.728387807749663274e-01,5.455129398622230674e+00
6.500000000000000000e+00,5.999999999999999778e-01,9.250000000000000000e+00,1.600000000000000000e+01,8.000000000000000000e+00,1.196969696969697017e+00,2.836829836829837248e-01,2.326086956521739069e+01,2.457470355731225879e+02,3.217391304347826164e+00,1.905138339920949164e+00,3.500000000000000000e+01,-5.227467728444888939e-01,4.923652281814421272e+00
6.500000000000000000e+00,6.999999999999999556e-01,8.076923076923076650e+00,1.700000000000000000e+01,1.300000000000000000e+01,1.315217391304347894e+00,3.668776875298613405e+00,2.413043478260869534e+01,1.935731225296443085e+02,4.565217391304347672e+00,1.256916996047430457e+00,3.300000000000000000e+01,-5.575077947023854286e-01,6.887768817204301008e+00
6.500000000000000000e+00,7.999999999999999334e-01,5.375000000000000000e+00,1.200000000000000000e+01,8.000000000000000000e+00,2.000000000000000000e+00,8.941176470588235503e+00,1.017391304347826164e+01,7.442292490118576609e+01,1.869565217391304435e+00,7.549407114624504533e-01,2.600000000000000000e+01,-5.718097516588780405e-01,3.513015463917525949e+00
6.500000000000000000e+00,8.999999999999999112e-01,4.777777777777777679e+00,9.000000000000000000e+00,9.000000000000000000e+00,1.647058823529411686e+00,7.568627450980393689e+00,1.313043478260869534e+01,1.236640316205534020e+02,1.869565217391304435e+00,1.300395256916995868e+00,2.500000000000000000e+01,-6.462156908183805948e-01,4.709948186528497338e+00
6.500000000000000000e+00,9.999999999999998890e-01,5.666666666666666963e+00,1.000000000000000000e+01,9.000000000000000000e+00,1.071428571428571397e+00,6.794425087108013628e-02,1.530434782608695699e+01,1.322213438735178102e+02,2.217391304347826164e+00,1.723320158102767063e+00,3.900000000000000000e+01,-6.289323035399079220e-01,6.513020558777016689e+00
7.500000000000000000e+00,1.000000000000000056e-01,2.000000000000000000e+01,2.300000000000000000e+01,8.000000000000000000e+00,1.013157894736842035e+00,1.307075636110143109e-02,9.726086956521739069e+01,2.386019762845849982e+03,6.956521739130434590e+00,1.343873517786560445e-01,6.200000000000000000e+01,-4.252199641028718280e-01,5.582002539946120834e+00
7.500000000000000000e+00,2.000000000000000111e-01,1.554545454545454497e+01,2.300000000000000000e+01,1.100000000000000000e+01,1.056249999999999911e+00,1.037342767295597462e-01,8.634782608695651618e+01,2.079964426877470032e+03,7.434782608695652328e+00,8.023715415019762043e-01,4.900000000000000000e+01,-4.258487024937047116e-01,5.976703921794553231e+00
7.500000000000000000e+00,3.000000000000000444e-01,1.508333333333333393e+01,2.300000000000000000e+01,1.200000000000000000e+01,1.029585798816567976e+00,4.078613693998309891e-02,6.930434782608695343e+01,1.224494071146245005e+03,7.869565217391304657e+00,8.458498023715413927e-01,3.600000000000000000e+01,-4.022775847018190132e-01,6.674101487139320277e+00
7.500000000000000000e+00,4.000000000000000222e-01,1.416666666666666607e+01,2.300000000000000000e+01,1.200000000000000000e+01,1.145569620253164667e+00,6.219866161412560546e-01,5.304347826086956275e+01,7.984980237154152292e+02,7.391304347826086918e+00,1.249011857707509998e+00,2.700000000000000000e+01,-3.987715558437776586e-01,7.723524035065852722e+00
7.500000000000000000e+00,5.000000000000000000e-01,1.033333333333333393e+01,2.300000000000000000e+01,1.200000000000000000e+01,1.044642857142857206e+00,6.105212355212354808e-02,4.108695652173913260e+01,4.947193675889326414e+02,5.391304347826086918e+00,2.612648221343873089e+00,4.100000000000000000e+01,-4.857775180472932441e-01,4.957817866551068597e+00
7.500000000000000000e+00,5.999999999999999778e-01,1.030000000000000071e+01,1.900000000000000000e+01,1.000000000000000000e+01,1.172043010752688241e+00,6.222533894343150740e-01,3.078260869565217561e+01,3.852687747035573693e+02,4.478260869565217739e+00,1.897233201581027595e+00,4.200000000000000000e+01,-5.138990870816082523e-01,5.850624152601804795e+00
7.500000000000000000e+00,6.999999999999999556e-01,6.000000000000000000e+00,1.300000000000000000e+01,1.200000000000000000e+01,1.149999999999999911e+00,2.991525423728814692e-01,2.143478260869565233e+01,2.219841897233201848e+02,3.130434782608695787e+00,1.391304347826086474e+00,4.100000000000000000e+01,-6.534661320726278255e-01,5.446290641278965339e+00
7.500000000000000000e+00,7.999999999999999334e-01,6.692307692307692513e+00,1.300000000000000000e+01,1.300000000000000000e+01,1.189189189189189255e+00,6.212513883746764165e-01,1.852173913043478137e+01,1.409881422924900960e+02,3.782608695652173836e+00,1.905138339920948942e+00,2.500000000000000000e+01,-6.328966655734715729e-01,7.158390004744583202e+00
7.500000000000000000e+00,8.999999999999999112e-01,5.692307692307692513e+00,1.300000000000000000e+01,1.300000000000000000e+01,1.459016393442623016e+00,3.419125683060109111e+00,1.247826086956521685e+01,9.080632411067193743e+01,3.217391304347826164e+00,2.723320158102767063e+00,3.500000000000000000e+01,-5.933290899219205716e-01,6.299462778204143909e+00
7.500000000000000000e+00,9.999999999999998890e-01,6.444444444444444642e+00,1.000000000000000000e+01,9.000000000000000000e+00,1.020408163265306145e+00,2.040816326530612429e-02,1.795652173913043370e+01,3.810434782608694491e+02,2.521739130434782705e+00,6.260869565217391575e+00,2.700000000000000000e+01,-5.316576501234593355e-01,6.810053630032818717e+00
8.500000000000000000e+00,1.000000000000000056e-01,1.319999999999999929e+01,2.300000000000000000e+01,1.500000000000000000e+01,1.098360655737705027e+00,2.320302648171500559e-01,9.534782608695651618e+01,2.093055335968379495e+03,8.608695652173912194e+00,1.067193675889327897e+00,4.300000000000000000e+01,-2.615819208124173789e-01,6.808591160690510513e+00
8.500000000000000000e+00,2.000000000000000111e-01,1.600000000000000000e+01,2.300000000000000000e+01,1.100000000000000000e+01,1.030303030303030276e+00,4.175905395417590232e-02,8.456521739130434412e+01,1.800802371541501543e+03,7.652173913043478493e+00,1.055335968379446987e+00,3.500000000000000000e+01,-3.969346967421857886e-01,7.228935011700646562e+00
8.500000000000000000e+00,3.000000000000000444e-01,1.057142857142857117e+01,2.300000000000000000e+01,1.400000000000000000e+01,1.059701492537313383e+00,8.663449668948490501e-02,7.052173913043478137e+01,1.289624505928853750e+03,6.434782608695652328e+00,5.296442687747036082e-01,4.100000000000000000e+01,-4.512104758464529075e-01,5.087069412520412115e+00
8.500000000000000000e+00,4.000000000000000222e-01,2.011111111111111072e+01,2.300000000000000000e+01,9.000000000000000000e+00,1.075581395348837122e+00,7.027743778049774792e-02,5.413043478260869534e+01,7.295731225296443654e+02,7.869565217391304657e+00,1.664031620553360069e+00,2.900000000000000000e+01,-4.086339868499436756e-01,7.362241405536964045e+00
8.500000000000000000e+00,5.000000000000000000e-01,9.000000000000000000e+00,2.300000000000000000e+01,1.100000000000000000e+01,1.272727272727272707e+00,2.660397074190177680e+00,3.078260869565217561e+01,2.554505928853754995e+02,4.304347826086956097e+00,2.312252964426877444e+00,2.600000000000000000e+01,-5.496567747301633888e-01,4.763026681383930594e+00
8.500000000000000000e+00,5.999999999999999778e-01,6.272727272727272485e+00,1.400000000000000000e+01,1.100000000000000000e+01,1.206896551724137900e+00,2.371445856019359089e-01,2.065217391304347672e+01,1.319644268774703164e+02,3.000000000000000000e+00,1.000000000000000000e+00,3.600000000000000000e+01,-6.256213264984480382e-01,4.425639816016039951e+00
8.500000000000000000e+00,6.999999999999999556e-01,7.200000000000000178e+00,1.400000000000000000e+01,1.000000000000000000e+01,1.387096774193548487e+00,2.273929138022210861e+00,1.991304347826087096e+01,1.272648221343873587e+02,3.130434782608695787e+00,1.209486166007905261e+00,3.300000000000000000e+01,-6.022900174519415506e-01,5.498502600746072666e+00
8.500000000000000000e+00,7.999999999999999334e-01,6.777777777777777679e+00,1.000000000000000000e+01,9.000000000000000000e+00,1.480769230769230838e+00,2.058446455505279271e+00,1.534782608695652151e+01,1.186007905138339851e+02,2.652173913043478048e+00,1.782608695652173614e+00,3.000000000000000000e+01,-5.726346647725131245e-01,5.545657413192894403e+00
8.500000000000000000e+00,8.999999999999999112e-01,4.500000000000000000e+00,9.000000000000000000e+00,1.200000000000000000e+01,1.190476190476190466e+00,4.994192799070847344e-01,1.443478260869565233e+01,1.586205533596837824e+02,2.347826086956521952e+00,1.418972332015809856e+00,4.000000000000000000e+01,-6.983388756256948549e-01,4.591076203208555917e+00
8.500000000000000000e+00,9.999999999999998890e-01,6.444444444444444642e+00,1.100000000000000000e+01,9.000000000000000000e+00,1.122448979591836649e+00,7.346938775510204467e-01,1.365217391304347849e+01,1.298735177865612229e+02,2.521739130434782705e+00,1.988142292490118646e+00,2.000000000000000000e+01,-5.820308893362897695e-01,7.222369194591417241e+00
9.500000000000000000e+00,1.000000000000000056e-01,1.833333333333333215e+01,2.300000000000000000e+01,1.200000000000000000e+01,1.067307692307692291e+00,1.113898179115570264e-01,1.017391304347826093e+02,2.651747035573122048e+03,9.565217391304347672e+00,1.893280632411067144e+00,4.400000000000000000e+01,-3.206542702073935103e-01,7.719275976745957557e+00
9.500000000000000000e+00,2.000000000000000111e-01,1.450000000000000000e+01,2.300000000000000000e+01,1.000000000000000000e+01,1.125925925925925997e+00,1.021337755666113623e+00,8.473913043478260931e+01,1.897747035573122957e+03,6.304347826086956097e+00,1.494071146245059545e+00,5.600000000000000000e+01,-4.528629348122950038e-01,5.733460990165994531e+00
9.500000000000000000e+00,3.000000000000000444e-01,1.450000000000000000e+01,2.300000000000000000e+01,1.200000000000000000e+01,1.043209876543209846e+00,6.644429108197225098e-02,7.139130434782609314e+01,1.538612648221343989e+03,7.565217391304347672e+00,1.529644268774703164e+00,3.700000000000000000e+01,-4.211819533134028570e-01,7.613493673604321721e+00
9.500000000000000000e+00,4.000000000000000222e-01,1.541666666666666607e+01,2.300000000000000000e+01,1.200000000000000000e+01,1.080924855491329550e+00,9.806425594838016901e-02,5.891304347826086740e+01,9.938102766798416496e+02,8.043478260869564522e+00,1.679841897233201653e+00,4.100000000000000000e+01,-4.043383785472682290e-01,8.456493081482710394e+00
9.500000000000000000e+00,5.000000000000000000e-01,9.333333333333333925e+00,2.200000000000000000e+01,1.500000000000000000e+01,1.288000000000000034e+00,2.093806451612902464e+00,4.186956521739130466e+01,5.256640316205532599e+02,6.086956521739130821e+00,1.810276679841896996e+00,4.700000000000000000e+01,-4.074223239534724983e-01,7.654982647496281878e+00
9.500000000000000000e+00,5.999999999999999778e-01,6.545454545454545858e+00,1.500000000000000000e+01,1.100000000000000000e+01,1.344262295081967151e+00,2.296174863387977716e+00,2.547826086956521863e+01,3.649881422924900676e+02,3.130434782608695787e+00,1.845849802371540838e+00,3.000000000000000000e+01,-6.118387651753609546e-01,5.053958425475453708e+00
9.500000000000000000e+00,6.999999999999999556e-01,1.114285714285714235e+01,1.500000000000000000e+01,7.000000000000000000e+00,1.267605633802816989e+00,2.455935613682093344e+00,2.169565217391304301e+01,2.220395256916996232e+02,3.391304347826086918e+00,1.885375494071146685e+00,3.100000000000000000e+01,-4.675382986203439617e-01,5.289752650176678728e+00
9.500000000000000000e+00,7.999999999999999334e-01,5.583333333333333037e+00,1.200000000000000000e+01,1.200000000000000000e+01,1.163636363636363580e+00,2.134680134680134456e-01,1.626086956521739069e+01,1.424743083003952506e+02,2.913043478260869623e+00,1.355731225296443077e+00,3.000000000000000000e+01,-6.532289285989690830e-01,5.227143285371703030e+00
9.500000000000000000e+00,8.999999999999999112e-01,5.000000000000000000e+00,9.000000000000000000e+00,1.000000000000000000e+01,1.199999999999999956e+00,2.666666666666666630e-01,1.221739130434782616e+01,1.257233201581027657e+02,2.173913043478260754e+00,1.513833992094860914e+00,2.200000000000000000e+01,-6.137362510078868683e-01,4.949050194993080964e+00
9.500000000000000000e+00,9.999999999999998890e-01,5.299999999999999822e+00,1.200000000000000000e+01,1.000000000000000000e+01,1.372093023255813948e+00,2.048726467331118961e+00,1.004347826086956452e+01,8.767984189723320299e+01,2.304347826086956541e+00,1.312252964426877666e+00,3.200000000000000000e+01,-6.293431296453008139e-01,4.829121977822214085e+00
1.050000000000000000e+01,1.000000000000000056e-01,1.610000000000000142e+01,2.300000000000000000e+01,1.000000000000000000e+01,1.119205298013244976e+00,2.145695364238408231e+00,9.756521739130434412e+01,2.133711462450592990e+03,7.000000000000000000e+00,5.454545454545454142e-01,4.100000000000000000e+01,-4.312304488108141265e-01,6.563747991737433729e+00
1.050000000000000000e+01,2.000000000000000111e-01,1.638461538461538325e+01,2.300000000000000000e+01,1.300000000000000000e+01,1.060000000000000053e+00,7.678391959798995525e-02,8.691304347826087451e+01,1.819355731225296950e+03,9.260869565217390686e+00,2.383399209486165571e+00,3.100000000000000000e+01,-2.855939751884241096e-01,7.926431480261330265e+00
1.050000000000000000e+01,3.000000000000000444e-01,1.550000000000000000e+01,2.300000000000000000e+01,1.000000000000000000e+01,1.041379310344827669e+00,1.232758620689654999e-01,6.873913043478260931e+01,1.301474308300395251e+03,6.739130434782608425e+00,1.110671936758893530e+00,4.500000000000000000e+01,-4.518053302936946847e-01,6.527185501066098183e+00
1.050000000000000000e+01,4.000000000000000222e-01,1.264285714285714235e+01,2.300000000000000000e+01,1.400000000000000000e+01,1.073619631901840510e+00,1.550405210936908473e-01,5.839130434782608603e+01,9.580671936758894844e+02,7.695652173913043903e+00,1.675889328063240535e+00,3.500000000000000000e+01,-3.569829874026083094e-01,7.978688742308203352e+00
1.050000000000000000e+01,5.000000000000000000e-01,9.800000000000000711e+00,1.700000000000000000e+01,1.500000000000000000e+01,1.128787878787878896e+00,2.657298172565348282e-01,4.747826086956521863e+01,9.118972332015811162e+02,6.391304347826086918e+00,5.067193675889326343e+00,3.900000000000000000e+01,-3.903702795236198564e-01,8.769373454245672050e+00
1.050000000000000000e+01,5.999999999999999778e-01,6.461538461538461675e+00,1.500000000000000000e+01,1.300000000000000000e+01,1.154929577464788748e+00,3.042253521126761506e-01,3.091304347826087096e+01,4.830830039525691859e+02,3.652173913043478048e+00,3.055335968379446765e+00,3.400000000000000000e+01,-5.995872744455307268e-01,5.399383917684557055e+00
1.050000000000000000e+01,6.999999999999999556e-01,7.299999999999999822e+00,1.400000000000000000e+01,1.000000000000000000e+01,1.142857142857142794e+00,6.405529953917057373e-01,2.230434782608695699e+01,3.018577075098814930e+02,3.173913043478260754e+00,1.513833992094861580e+00,4.200000000000000000e+01,-6.128335449240455146e-01,5.869670152855993805e+00
1.050000000000000000e+01,7.999999999999999334e-01,5.090909090909090828e+00,8.000000000000000000e+00,1.100000000000000000e+01,1.444444444444444420e+00,1.207070707070707183e+00,1.269565217391304301e+01,1.301304347826086882e+02,2.434782608695652328e+00,1.438735177865612336e+00,3.400000000000000000e+01,-6.319106778021141846e-01,4.936788287241459017e+00
1.050000000000000000e+01,8.999999999999999112e-01,6.545454545454545858e+00,1.000000000000000000e+01,1.100000000000000000e+01,1.524590163934426146e+00,1.953551912568305182e+00,1.391304347826086918e+01,1.147193675889328119e+02,3.130434782608695787e+00,1.300395256916995868e+00,2.400000000000000000e+01,-5.943360570319382585e-01,7.654469106178764193e+00
1.050000000000000000e+01,9.999999999999998890e-01,4.666666666666666963e+00,9.000000000000000000e+00,9.000000000000000000e+00,2.242424242424242209e+00,1.231439393939393767e+01,6.347826086956521507e+00,3.278260869565216495e+01,1.826086956521739024e+00,1.604743083003952187e+00,1.800000000000000000e+01,-6.041731686604027152e-01,5.329808660624370198e+00
1.150000000000000000e+01,1.000000000000000056e-01,1.557142857142857117e+01,2.300000000000000000e+01,1.400000000000000000e+01,1.044117647058823595e+00,1.113445378151260851e-01,1.018695652173912976e+02,2.601845849802371504e+03,9.478260869565216851e+00,1.533596837944663838e+00,4.300000000000000000e+01,-2.721527841283651328e-01,7.545115542318766799e+00
1.150000000000000000e+01,2.000000000000000111e-01,1.328571428571428648e+01,2.300000000000000000e+01,1.400000000000000000e+01,1.058139534883721034e+00,1.252549979600163510e-01,9.047826086956521863e+01,2.309442687747035507e+03,8.086956521739130821e+00,1.264822134387352026e+00,3.800000000000000000e+01,-3.432480098024696669e-01,8.122956818736277285e+00
1.150000000000000000e+01,3.000000000000000444e-01,1.536363636363636331e+01,2.300000000000000000e+01,1.100000000000000000e+01,1.082278481012658222e+00,2.798113359671046130e-01,6.891304347826087451e+01,1.198264822134387259e+03,7.347826086956521507e+00,5.098814229249010177e-01,3.900000000000000000e+01,-4.224633903336846852e-01,5.961957683265654673e+00
1.150000000000000000e+01,4.000000000000000222e-01,1.325000000000000000e+01,2.300000000000000000e+01,1.600000000000000000e+01,1.051020408163265252e+00,8.969126111983258265e-02,6.286956521739130466e+01,1.061573122529644252e+03,9.217391304347826164e+00,2.905138339920948720e+00,2.900000000000000000e+01,-1.782571301050575874e-01,1.005500375353698672e+01
1.150000000000000000e+01,5.000000000000000000e-01,1.027272727272727337e+01,2.300000000000000000e+01,1.100000000000000000e+01,1.029411764705882248e+00,2.882935352358765441e-02,3.656521739130435122e+01,3.448932806324110629e+02,4.913043478260869179e+00,9.920948616600792080e-01,3.600000000000000000e+01,-5.303264447334995468e-01,5.229712322885358589e+00
1.150000000000000000e+01,5.999999999999999778e-01,8.625000000000000000e+00,2.100000000000000000e+01,8.000000000000000000e+00,1.163934426229508157e+00,3.393442622950820775e-01,1.482608695652173836e+01,6.615019762845849982e+01,3.000000000000000000e+00,1.000000000000000000e+00,2.400000000000000000e+01,-5.460996034305890534e-01,2.814077669902912415e+00
1.150000000000000000e+01,6.999999999999999556e-01,6.444444444444444642e+00,1.100000000000000000e+01,9.000000000000000000e+00,1.285714285714285809e+00,5.000000000000001110e-01,1.860869565217391397e+01,4.092490118577075577e+02,2.521739130434782705e+00,3.442687747035572343e+00,3.000000000000000000e+01,-5.775736547891995309e-01,5.703995006242196908e+00
1.150000000000000000e+01,7.999999999999999334e-01,7.500000000000000000e+00,1.400000000000000000e+01,1.000000000000000000e+01,1.138461538461538414e+00,1.836538461538461120e-01,1.821739130434782439e+01,3.041778656126481337e+02,3.260869565217391131e+00,4.110671936758892642e+00,3.700000000000000000e+01,-5.845842297693818468e-01,5.338718527098701649e+00
1.150000000000000000e+01,8.999999999999999112e-01,6.181818181818181657e+00,1.000000000000000000e+01,1.100000000000000000e+01,1.070175438596491224e+00,1.378446115288220475e-01,1.926086956521739069e+01,2.844743083003952506e+02,2.956521739130434590e+00,1.952569169960474804e+00,3.300000000000000000e+01,-6.364090639288159101e-01,6.885364652929179208e+00
1.150000000000000000e+01,9.999999999999998890e-01,5.909090909090909172e+00,1.200000000000000000e+01,1.100000000000000000e+01,1.333333333333333259e+00,4.188679245283018382e+00,1.169565217391304301e+01,8.203952569169960896e+01,2.826086956521739246e+00,1.059288537549406994e+00,3.200000000000000000e+01,-6.506494613191433629e-01,6.275417827298050533e+00
1.250000000000000000e+01,1.000000000000000056e-01,1.650000000000000000e+01,2.300000000000000000e+01,1.000000000000000000e+01,1.032258064516129004e+00,4.440720569752828334e-02,9.917391304347826519e+01,2.241513833992094987e+03,7.173913043478260754e+00,1.422924901185770752e+00,4.000000000000000000e+01,-4.242042534164948697e-01,6.193999275873239618e+00
1.250000000000000000e+01,2.000000000000000111e-01,1.570588235294117574e+01,2.300000000000000000e+01,1.700000000000000000e+01,1.088000000000000078e+00,4.741526104417669862e-01,9.056521739130434412e+01,2.057529644268774973e+03,1.160869565217391219e+01,5.612648221343873089e+00,4.100000000000000000e+01,5.484466805194509326e-02,1.229260369956745791e+01
1.250000000000000000e+01,3.000000000000000444e-01,1.630769230769230660e+01,2.300000000000000000e+01,1.300000000000000000e+01,1.045226130653266416e+00,1.040048728490939739e-01,7.360869565217390686e+01,1.388339920948616282e+03,9.217391304347826164e+00,3.450592885375494134e+00,3.200000000000000000e+01,-2.886975521977022674e-01,9.040618076464239650e+00
1.250000000000000000e+01,4.000000000000000222e-01,1.430769230769230838e+01,2.300000000000000000e+01,1.300000000000000000e+01,1.236994219653179128e+00,9.028095174082536589e-01,5.500000000000000000e+01,9.182727272727272521e+02,8.086956521739130821e+00,2.537549407114624067e+00,4.800000000000000000e+01,-3.256242282092361995e-01,7.456792426432868659e+00
1.250000000000000000e+01,5.000000000000000000e-01,1.061538461538461497e+01,2.100000000000000000e+01,1.300000000000000000e+01,1.112000000000000099e+00,1.486451612903225139e-01,4.495652173913043725e+01,6.981343873517786278e+02,6.000000000000000000e+00,3.727272727272727071e+00,5.100000000000000000e+01,-4.373150035071565744e-01,7.975821385902031047e+00
1.250000000000000000e+01,5.999999999999999778e-01,9.300000000000000711e+00,1.600000000000000000e+01,1.000000000000000000e+01,1.216867469879518104e+00,7.572729944166910476e-01,2.547826086956521863e+01,1.995335968379446854e+02,4.043478260869565410e+00,1.952569169960475026e+00,2.600000000000000000e+01,-5.099595448492456606e-01,5.493045763363671341e+00
1.250000000000000000e+01,6.999999999999999556e-01,8.333333333333333925e+00,1.300000000000000000e+01,9.000000000000000000e+00,1.166666666666666741e+00,2.948717948717948234e-01,1.860869565217391397e+01,1.132490118577074867e+02,3.260869565217391131e+00,1.474308300395257065e+00,3.100000000000000000e+01,-5.469435202985986066e-01,5.381190742594665011e+00
1.250000000000000000e+01,7.999999999999999334e-01,6.599999999999999645e+00,1.000000000000000000e+01,5.000000000000000000e+00,1.142857142857142794e+00,1.269841269841269493e-01,8.000000000000000000e+00,6.454545454545454675e+01,1.434782608695652106e+00,3.478260869565217295e-01,2.400000000000000000e+01,-4.229916232763409889e-01,2.626111371080954715e+00
1.250000000000000000e+01,8.999999999999999112e-01,7.000000000000000000e+00,1.000000000000000000e+01,9.000000000000000000e+00,1.166666666666666741e+00,2.924528301886792914e-01,1.630434782608695699e+01,1.862213438735178102e+02,2.739130434782608869e+00,1.928853754940710985e+00,2.700000000000000000e+01,-5.970744773238224612e-01,6.610576923076923350e+00
1.250000000000000000e+01,9.999999999999998890e-01,5.923076923076923350e+00,1.000000000000000000e+01,1.300000000000000000e+01,1.531250000000000000e+00,3.618055555555555358e+00,1.300000000000000000e+01,1.067272727272727337e+02,3.347826086956521952e+00,2.146245059288537149e+00,2.600000000000000000e+01,-6.048115884870789438e-01,6.500000000000000000e+00
1.350000000000000000e+01,1.000000000000000056e-01,1.744444444444444287e+01,2.300000000000000000e+01,9.000000000000000000e+00,1.067567567567567544e+00,1.586688729545872867e-01,9.773913043478260931e+01,2.378565217391304486e+03,6.826086956521739246e+00,8.774703557312253377e-01,5.300000000000000000e+01,-4.351671172973082258e-01,5.411731430591713909e+00
1.350000000000000000e+01,2.000000000000000111e-01,1.407142857142857117e+01,2.300000000000000000e+01,1.400000000000000000e+01,1.038251366120218622e+00,1.468804419624091251e-01,8.304347826086956275e+01,1.762679841897233473e+03,8.565217391304347672e+00,8.932806324110671437e-01,4.100000000000000000e+01,-3.085761533874551987e-01,7.459716357327572211e+00
1.350000000000000000e+01,3.000000000000000444e-01,1.484615384615384670e+01,2.300000000000000000e+01,1.300000000000000000e+01,1.094444444444444553e+00,1.530415890751086472e-01,7.482608695652173481e+01,1.518422924901185752e+03,8.391304347826087806e+00,4.430830039525691433e+00,3.400000000000000000e+01,-3.068519818318977133e-01,7.449728951593825421e+00
1.350000000000000000e+01,4.000000000000000222e-01,1.214285714285714235e+01,2.200000000000000000e+01,1.400000000000000000e+01,1.211538461538461453e+00,9.033498759305210735e-01,5.969565217391304657e+01,9.075849802371541273e+02,7.391304347826086918e+00,2.885375494071146463e+00,4.400000000000000000e+01,-3.648653759523354800e-01,7.976609078590786162e+00
1.350000000000000000e+01,5.000000000000000000e-01,1.311111111111111072e+01,2.000000000000000000e+01,9.000000000000000000e+00,1.119266055045871511e+00,1.245327896704043757e-01,3.743478260869564878e+01,4.825296442687747458e+02,5.130434782608695343e+00,2.754940711462451119e+00,3.900000000000000000e+01,-4.865626669691655581e-01,5.983998706966219494e+00
1.350000000000000000e+01,5.999999999999999778e-01,8.666666666666666075e+00,1.300000000000000000e+01,1.200000000000000000e+01,1.119565217391304435e+00,1.503822264691829502e-01,2.830434782608695699e+01,3.881304347826086314e+02,4.521739130434782261e+00,1.079051383399209474e+00,3.700000000000000000e+01,-5.914728572923328986e-01,6.956271576524740929e+00
1.350000000000000000e+01,6.999999999999999556e-01,8.166666666666666075e+00,1.500000000000000000e+01,1.200000000000000000e+01,1.302325581395348930e+00,2.001641586867305200e+00,2.273913043478260931e+01,1.353833992094861571e+02,4.260869565217391575e+00,1.110671936758893530e+00,2.600000000000000000e+01,-5.781799158519651538e-01,7.767326732673267564e+00
1.350000000000000000e+01,7.999999999999999334e-01,4.900000000000000355e+00,1.200000000000000000e+01,1.000000000000000000e+01,1.230769230769230838e+00,7.085020242914980004e-01,1.117391304347826164e+01,1.075138339920948880e+02,2.130434782608695787e+00,8.458498023715415037e-01,2.900000000000000000e+01,-6.674916567486479657e-01,4.318760666929237324e+00
1.350000000000000000e+01,8.999999999999999112e-01,5.599999999999999645e+00,1.100000000000000000e+01,5.000000000000000000e+00,1.130434782608695565e+00,2.094861660079050947e-01,7.173913043478260754e+00,6.178656126482211874e+01,1.217391304347826164e+00,9.051383399209487202e-01,2.000000000000000000e+01,-4.342103836418709228e-01,3.116075541225241885e+00
1.350000000000000000e+01,9.999999999999998890e-01,5.833333333333333037e+00,8.000000000000000000e+00,6.000000000000000000e+00,1.068965517241379226e+00,6.650246305418718029e-02,6.608695652173913082e+00,4.252173913043478137e+01,1.521739130434782705e+00,1.079051383399209252e+00,1.200000000000000000e+01,-4.680571853918625291e-01,4.817800167926112209e+00
1.450000000000000000e+01,1.000000000000000056e-01,1.476923076923077005e+01,2.300000000000000000e+01,1.300000000000000000e+01,1.134078212290502874e+00,1.476304061264201772e+00,1.046956521739130466e+02,2.816584980237154014e+03,8.347826086956521507e+00,1.873517786561264664e+00,6.000000000000000000e+01,-3.265707335560841251e-01,6.549393429878324291e+00
1.450000000000000000e+01,2.000000000000000111e-01,1.950000000000000000e+01,2.300000000000000000e+01,1.000000000000000000e+01,1.108108108108108114e+00,6.621621621621621712e-01,8.569565217391304657e+01,1.804584980237153786e+03,8.478260869565216851e+00,1.079051383399208808e+00,4.200000000000000000e+01,-3.834472147890207183e-01,7.505479976340419412e+00
1.450000000000000000e+01,3.000000000000000444e-01,1.416666666666666607e+01,2.300000000000000000e+01,1.200000000000000000e+01,1.202531645569620222e+00,2.570184632750139642e+00,6.821739130434782794e+01,1.141359683794466264e+03,7.391304347826086918e+00,1.521739130434782705e+00,3.300000000000000000e+01,-3.818725670023576102e-01,6.645359955917149897e+00
1.450000000000000000e+01,4.000000000000000222e-01,1.359999999999999964e+01,2.200000000000000000e+01,1.500000000000000000e+01,1.074074074074074181e+00,9.022852639873915614e-02,5.686956521739130466e+01,9.437549407114621545e+02,8.869565217391304657e+00,3.118577075098813989e+00,3.800000000000000000e+01,-2.531298462112415715e-01,8.471200348846428696e+00
1.450000000000000000e+01,5.000000000000000000e-01,1.133333333333333393e+01,2.300000000000000000e+01,9.000000000000000000e+00,1.075268817204301008e+00,1.355773726040205296e-01,3.743478260869564878e+01,4.588023715415019410e+02,4.434782608695652328e+00,1.166007905138339629e+00,5.300000000000000000e+01,-5.200216524402612173e-01,4.344045900946882810e+00
1.450000000000000000e+01,5.999999999999999778e-01,7.750000000000000000e+00,1.900000000000000000e+01,1.200000000000000000e+01,1.160493827160493874e+00,5.364197530864196484e-01,2.091304347826087096e+01,1.868102766798418770e+02,4.043478260869565410e+00,1.679841897233202097e+00,3.300000000000000000e+01,-5.786693517358133532e-01,5.229208189889472891e+00
1.450000000000000000e+01,6.999999999999999556e-01,7.000000000000000000e+00,1.300000000000000000e+01,1.100000000000000000e+01,1.196969696969697017e+00,2.529137529137528984e-01,1.752173913043478137e+01,1.679881422924901244e+02,3.347826086956521952e+00,1.509881422924901351e+00,2.700000000000000000e+01,-6.169463587429792062e-01,4.652136457615437592e+00
1.450000000000000000e+01,7.999999999999999334e-01,6.444444444444444642e+00,1.200000000000000000e+01,9.000000000000000000e+00,1.408163265306122458e+00,1.246598639455782420e+00,8.086956521739130821e+00,3.017391304347826519e+01,2.521739130434782705e+00,1.079051383399209252e+00,1.800000000000000000e+01,-5.725147503744263400e-01,4.924155695477962169e+00
1.450000000000000000e+01,8.999999999999999112e-01,7.000000000000000000e+00,1.100000000000000000e+01,7.000000000000000000e+00,1.238095238095238138e+00,1.210220673635308053e+00,1.356521739130434767e+01,1.258932806324110913e+02,2.130434782608695787e+00,1.845849802371541948e+00,3.900000000000000000e+01,-4.955324358381466565e-01,4.984179165810560974e+00
1.450000000000000000e+01,9.999999999999998890e-01,6.000000000000000000e+00,1.200000000000000000e+01,7.000000000000000000e+00,1.171428571428571486e+00,3.226890756302521202e-01,7.217391304347826164e+00,4.435968379446639887e+01,1.826086956521739024e+00,5.138339920948616912e-01,1.800000000000000000e+01,-5.388776132143050512e-01,3.284960422163588412e+00
1.550000000000000000e+01,1.000000000000000056e-01,1.533333333333333393e+01,2.300000000000000000e+01,9.000000000000000000e+00,1.007751937984496138e+00,7.751937984496125658e-03,9.830434782608695343e+01,2.377675889328063477e+03,6.000000000000000000e+00,2.727272727272727071e-01,4.800000000000000000e+01,-4.596789933534310424e-01,5.117341553350999384e+00
1.550000000000000000e+01,2.000000000000000111e-01,1.359999999999999964e+01,2.300000000000000000e+01,1.500000000000000000e+01,1.089947089947089998e+00,1.461218056962736989e-01,8.691304347826087451e+01,2.063628458498023974e+03,8.869565217391304657e+00,5.754940711462449343e+00,5.100000000000000000e+01,-2.049810887710880880e-01,7.503629695872066740e+00
1.550000000000000000e+01,3.000000000000000444e-01,1.461538461538461497e+01,2.300000000000000000e+01,1.300000000000000000e+01,1.118644067796610075e+00,2.301617873651772561e-01,7.426086956521739069e+01,1.596019762845849527e+03,8.260869565217390686e+00,1.110671936758892864e+00,5.700000000000000000e+01,-3.388845231573039407e-01,7.013268546136822934e+00
1.550000000000000000e+01,4.000000000000000222e-01,1.225000000000000000e+01,2.300000000000000000e+01,1.200000000000000000e+01,1.088888888888888795e+00,2.905472636815920606e-01,5.295652173913043725e+01,7.602252964426876360e+02,6.391304347826086918e+00,3.612648221343873534e+00,3.200000000000000000e+01,-4.209957189569958347e-01,6.695028093440046568e+00
1.550000000000000000e+01,5.000000000000000000e-01,1.029411764705882426e+01,2.200000000000000000e+01,1.700000000000000000e+01,1.240506329113924000e+00,8.335080222526808358e-01,4.269565217391304657e+01,4.318577075098814362e+02,7.608695652173913082e+00,4.158102766798419836e+00,4.100000000000000000e+01,-2.138794142126358433e-01,8.255566029651213000e+00
1.550000000000000000e+01,5.999999999999999778e-01,1.000000000000000000e+01,2.000000000000000000e+01,9.000000000000000000e+00,1.296296296296296280e+00,3.236111111111111605e+00,1.921739130434782439e+01,1.499960474308300604e+02,3.913043478260869623e+00,2.173913043478261198e+00,1.700000000000000000e+01,-5.058740003086765746e-01,4.849288486416559074e+00
1.550000000000000000e+01,6.999999999999999556e-01,8.000000000000000000e+00,1.400000000000000000e+01,9.000000000000000000e+00,1.095238095238095344e+00,1.198156682027649717e-01,1.795652173913043370e+01,2.976798418972331888e+02,3.130434782608695787e+00,3.936758893280632332e+00,2.200000000000000000e+01,-5.615589470799773331e-01,6.785070579791051770e+00
1.550000000000000000e+01,7.999999999999999334e-01,6.461538461538461675e+00,1.200000000000000000e+01,1.300000000000000000e+01,1.295774647887323994e+00,2.211267605633802980e+00,1.882608695652173836e+01,2.326956521739130324e+02,3.652173913043478048e+00,3.055335968379446765e+00,3.000000000000000000e+01,-6.090721845370913323e-01,6.601355166572558275e+00
1.550000000000000000e+01,8.999999999999999112e-01,5.599999999999999645e+00,1.200000000000000000e+01,1.000000000000000000e+01,1.239130434782608647e+00,4.082125603864734109e-01,8.869565217391304657e+00,5.066403162055336651e+01,2.434782608695652328e+00,2.075098814229248578e+00,1.700000000000000000e+01,-5.932883138690787650e-01,5.314681724845995880e+00
1.550000000000000000e+01,9.999999999999998890e-01,3.666666666666666519e+00,7.000000000000000000e+00,9.000000000000000000e+00,1.333333333333333259e+00,4.057971014492753326e-01,1.000000000000000000e+01,1.433636363636363740e+02,1.434782608695652106e+00,9.841897233201578610e-01,5.300000000000000000e+01,-6.379476356387167035e-01,3.391063610610352885e+00
1.650000000000000000e+01,1.000000000000000056e-01,1.800000000000000000e+01,2.300000000000000000e+01,1.000000000000000000e+01,1.105882352941176539e+00,5.331012878524191700e-01,1.008260869565217348e+02,2.637877470355731475e+03,7.826086956521739246e+00,1.332015810276679479e+00,5.400000000000000000e+01,-4.085027992880863601e-01,6.298484972757631084e+00
1.650000000000000000e+01,2.000000000000000111e-01,1.535714285714285765e+01,2.300000000000000000e+01,1.400000000000000000e+01,1.054726368159204064e+00,6.199004975124378092e-02,8.921739130434782794e+01,1.997814229249011760e+03,9.347826086956521507e+00,2.328063241106719250e+00,4.400000000000000000e+01,-2.948921190300724526e-01,6.668882945009253937e+00
1.650000000000000000e+01,3.000000000000000444e-01,1.306666666666666643e+01,2.300000000000000000e+01,1.500000000000000000e+01,1.093922651933701751e+00,1.411295273173725773e-01,7.278260869565217206e+01,1.464177865612648247e+03,8.521739130434783149e+00,3.079051383399210362e+00,4.100000000000000000e+01,-2.257649106146736584e-01,9.184168585089427239e+00
1.650000000000000000e+01,4.000000000000000222e-01,1.459999999999999964e+01,2.300000000000000000e+01,1.000000000000000000e+01,1.264705882352941124e+00,3.351633986928104214e+00,5.034782608695652328e+01,5.236007905138339993e+02,6.347826086956521507e+00,2.237154150197628422e+00,3.400000000000000000e+01,-4.388214705068065880e-01,6.029784246482866372e+00
1.650000000000000000e+01,5.000000000000000000e-01,1.250000000000000000e+01,2.000000000000000000e+01,8.000000000000000000e+00,1.054347826086956541e+00,9.591495461060678407e-02,3.434782608695652328e+01,3.480553359683794383e+02,4.347826086956521507e+00,1.418972332015810744e+00,3.500000000000000000e+01,-4.887359485015371763e-01,4.972080853847258730e+00
1.650000000000000000e+01,5.999999999999999778e-01,8.300000000000000711e+00,1.700000000000000000e+01,1.000000000000000000e+01,1.136986301369863117e+00,2.031963470319634035e-01,2.360869565217391397e+01,2.637944664031620050e+02,3.608695652173913082e+00,9.762845849802368470e-01,3.800000000000000000e+01,-5.759299388827837651e-01,5.550639357247934669e+00
1.650000000000000000e+01,6.999999999999999556e-01,5.222222222222222321e+00,1.300000000000000000e+01,9.000000000000000000e+00,1.473684210526315708e+00,4.364153627311520012e+00,7.521739130434782261e+00,2.135177865612648063e+01,2.043478260869565410e+00,4.980237154150196077e-01,1.300000000000000000e+01,-6.223878521050960622e-01,3.866424116424116431e+00
1.650000000000000000e+01,7.999999999999999334e-01,5.909090909090909172e+00,1.300000000000000000e+01,1.100000000000000000e+01,1.500000000000000000e+00,5.462264150943395791e+00,1.360869565217391219e+01,1.655217391304347814e+02,2.826086956521739246e+00,2.695652173913043459e+00,3.800000000000000000e+01,-6.333999494444431111e-01,5.187294167640497555e+00
1.650000000000000000e+01,8.999999999999999112e-01,5.363636363636363313e+00,1.000000000000000000e+01,1.100000000000000000e+01,1.229166666666666741e+00,5.633865248226950229e-01,1.404347826086956452e+01,1.406798418972332172e+02,2.565217391304347672e+00,2.802371541501976093e+00,3.000000000000000000e+01,-6.107898327093735924e-01,6.440797621996532385e+00
1.650000000000000000e+01,9.999999999999998890e-01,4.099999999999999645e+00,8.000000000000000000e+00,1.000000000000000000e+01,1.709677419354838745e+00,6.479569892473118209e+00,1.265217391304347849e+01,2.044189723320158123e+02,1.782608695652173836e+00,1.996047430830039771e+00,2.900000000000000000e+01,-6.615101774844512894e-01,4.889906130490207836e+00
1.750000000000000000e+01,1.000000000000000056e-01,1.600000000000000000e+01,2.300000000000000000e+01,1.100000000000000000e+01,1.048484848484848575e+00,1.195861049519585939e-01,9.939130434782609314e+01,2.292430830039525972e+03,7.652173913043478493e+00,6.916996047430828964e-01,5.200000000000000000e+01,-4.125611230122106510e-01,6.832529764318396204e+00
1.750000000000000000e+01,2.000000000000000111e-01,1.473333333333333250e+01,2.300000000000000000e+01,1.500000000000000000e+01,1.048543689320388328e+00,5.616860052095670047e-02,8.447826086956521863e+01,1.951806324110672222e+03,9.608695652173912194e+00,1.976284584980236847e+00,4.000000000000000000e+01,-1.807243521216227999e-01,8.068653907837058270e+00
1.750000000000000000e+01,3.000000000000000444e-01,1.477777777777777857e+01,2.300000000000000000e+01,9.000000000000000000e+00,1.056451612903225756e+00,8.621820089168631684e-02,6.826086956521739069e+01,1.244110671936758763e+03,5.782608695652173836e+00,1.541501976284585185e+00,3.500000000000000000e+01,-4.526381230344454498e-01,5.662358977188095110e+00
1.750000000000000000e+01,4.000000000000000222e-01,1.655555555555555713e+01,2.300000000000000000e+01,9.000000000000000000e+00,1.092857142857142749e+00,1.567831449126413368e-01,5.017391304347825809e+01,6.137865612648221258e+02,6.478260869565217739e+00,1.442687747035573231e+00,3.300000000000000000e+01,-4.383439447823693769e-01,6.959879901242834066e+00
1.750000000000000000e+01,5.000000000000000000e-01,1.038461538461538503e+01,2.000000000000000000e+01,1.300000000000000000e+01,1.229508196721311508e+00,1.302262566047961201e+00,4.160869565217391397e+01,5.893399209486165091e+02,5.869565217391304657e+00,3.118577075098814433e+00,3.100000000000000000e+01,-4.466642049634362843e-01,7.604960848531196582e+00
1.750000000000000000e+01,5.999999999999999778e-01,6.181818181818181657e+00,1.500000000000000000e+01,1.100000000000000000e+01,1.526315789473684292e+00,4.753759398496240962e+00,1.773913043478260931e+01,1.437470355731225311e+02,2.956521739130434590e+00,1.043478260869565188e+00,2.600000000000000000e+01,-6.302429633074136950e-01,4.438813151563753223e+00
1.750000000000000000e+01,6.999999999999999556e-01,6.538461538461538325e+00,1.400000000000000000e+01,1.300000000000000000e+01,1.319444444444444420e+00,2.023278560250390878e+00,1.652173913043478137e+01,1.268063241106719374e+02,3.695652173913043459e+00,2.494071146245059545e+00,2.600000000000000000e+01,-5.707738822064183370e-01,6.264462809917355379e+00
1.750000000000000000e+01,7.999999999999999334e-01,6.307692307692307487e+00,1.200000000000000000e+01,1.300000000000000000e+01,1.289855072463768071e+00,1.061807331628303874e+00,2.100000000000000000e+01,2.953636363636363740e+02,3.565217391304347672e+00,4.893280632411068254e+00,2.700000000000000000e+01,-6.107910824323332655e-01,7.116837857666911127e+00
1.750000000000000000e+01,8.999999999999999112e-01,5.400000000000000355e+00,1.000000000000000000e+01,1.000000000000000000e+01,1.136363636363636465e+00,2.135306553911204552e-01,1.386956521739130466e+01,9.984584980237154639e+01,2.347826086956521952e+00,7.826086956521739468e-01,3.100000000000000000e+01,-6.701508827916825561e-01,6.322737471952131649e+00
1.750000000000000000e+01,9.999999999999998890e-01,4.750000000000000000e+00,9.000000000000000000e+00,8.000000000000000000e+00,1.166666666666666741e+00,2.126436781609195303e-01,9.086956521739130821e+00,1.324466403162055315e+02,1.652173913043478271e+00,1.600790513833992401e+00,2.500000000000000000e+01,-5.867830620485549042e-01,3.909352517985611453e+00
1.850000000000000000e+01,1.000000000000000056e-01,1.569999999999999929e+01,2.300000000000000000e+01,1.000000000000000000e+01,1.006802721088435382e+00,6.802721088435373029e-03,1.023043478260869534e+02,2.853312252964427444e+03,6.826086956521739246e+00,1.422924901185770308e+00,5.100000000000000000e+01,-4.282325881579496785e-01,5.982927715219759968e+00
1.850000000000000000e+01,2.000000000000000111e-01,1.641666666666666785e+01,2.300000000000000000e+01,1.200000000000000000e+01,1.113513513513513464e+00,2.207403055229141542e-01,8.739130434782609314e+01,2.071612648221344443e+03,8.565217391304347672e+00,3.256916996047431123e+00,3.700000000000000000e+01,-3.160167751158374227e-01,6.840811527814953052e+00
1.850000000000000000e+01,3.000000000000000444e-01,1.680000000000000071e+01,2.300000000000000000e+01,1.000000000000000000e+01,1.088607594936708889e+00,2.850923163750704314e-01,7.178260869565217206e+01,1.457450592885375499e+03,7.304347826086956097e+00,1.948616600790513242e+00,3.000000000000000000e+01,-4.088260792855787362e-01,6.822074858382125129e+00
1.850000000000000000e+01,4.000000000000000222e-01,1.250000000000000000e+01,2.300000000000000000e+01,1.400000000000000000e+01,1.130434782608695565e+00,2.766304347826086807e-01,5.769565217391304657e+01,9.735849802371540136e+02,7.608695652173913082e+00,5.158102766798418948e+00,4.800000000000000000e+01,-3.425274905009330628e-01,7.920212813841901678e+00
1.850000000000000000e+01,5.000000000000000000e-01,1.355555555555555536e+01,2.300000000000000000e+01,9.000000000000000000e+00,1.070796460176991260e+00,2.449431099873577433e-01,3.682608695652174191e+01,4.476047430830039957e+02,5.304347826086956097e+00,1.948616600790513909e+00,3.800000000000000000e+01,-5.005483204095796390e-01,6.035222774361997722e+00
1.850000000000000000e+01,5.999999999999999778e-01,1.055555555555555536e+01,1.700000000000000000e+01,9.000000000000000000e+00,1.139534883720930258e+00,1.450068399452804913e-01,2.000000000000000000e+01,1.174545454545454533e+02,4.130434782608695343e+00,1.300395256916995868e+00,3.300000000000000000e+01,-5.311106461036160242e-01,5.579219955607229942e+00
1.850000000000000000e+01,6.999999999999999556e-01,8.000000000000000000e+00,1.700000000000000000e+01,1.300000000000000000e+01,1.142857142857142794e+00,1.904761904761904379e-01,2.317391304347826164e+01,2.128774703557312193e+02,4.521739130434782261e+00,2.079051383399209030e+00,3.000000000000000000e+01,-5.756422786937577252e-01,7.232464418711421317e+00
1.850000000000000000e+01,7.999999999999999334e-01,5.642857142857143238e+00,1.000000000000000000e+01,1.400000000000000000e+01,1.338461538461538369e+00,1.039903846153845901e+00,1.569565217391304301e+01,1.421304347826087167e+02,3.434782608695652328e+00,3.166007905138340739e+00,2.200000000000000000e+01,-6.018502167819461679e-01,9.046359459835723982e+00
1.850000000000000000e+01,8.999999999999999112e-01,3.799999999999999822e+00,7.000000000000000000e+00,1.000000000000000000e+01,1.178571428571428603e+00,3.002645502645502340e-01,8.695652173913043015e+00,6.313043478260869534e+01,1.652173913043478271e+00,1.328063241106719694e+00,2.200000000000000000e+01,-6.740679190618941163e-01,3.767512305944717976e+00
1.850000000000000000e+01,9.999999999999998890e-01,4.500000000000000000e+00,7.000000000000000000e+00,8.000000000000000000e+00,1.500000000000000000e+00,6.037037037037037202e+00,8.478260869565216851e+00,7.598814229249011021e+01,1.565217391304347894e+00,1.075098814229249022e+00,2.400000000000000000e+01,-5.994436967775438330e-01,4.181034482758620996e+00
1.950000000000000000e+01,1.000000000000000056e-01,1.550000000000000000e+01,2.300000000000000000e+01,1.200000000000000000e+01,1.022988505747126409e+00,2.258986113879477009e-02,9.800000000000000000e+01,2.151909090909090992e+03,8.086956521739130821e+00,1.628458498023714895e+00,4.100000000000000000e+01,-3.671327754279523625e-01,6.978184336584520864e+00
1.950000000000000000e+01,2.000000000000000111e-01,1.816666666666666785e+01,2.300000000000000000e+01,1.200000000000000000e+01,1.082524271844660158e+00,2.029126213592233052e-01,8.495652173913043725e+01,1.737225296442687977e+03,9.478260869565216851e+00,2.169960474308300302e+00,2.900000000000000000e+01,-3.064893990229593523e-01,8.974559051784957830e+00
1.950000000000000000e+01,3.000000000000000444e-01,1.423076923076922995e+01,2.300000000000000000e+01,1.300000000000000000e+01,1.127906976744186052e+00,3.578131374949000132e-01,6.795652173913043725e+01,1.171679841897233018e+03,8.043478260869564522e+00,6.798418972332014310e-01,3.000000000000000000e+01,-3.641812305778406866e-01,7.022961062272748300e+00
1.950000000000000000e+01,4.000000000000000222e-01,1.680000000000000071e+01,2.300000000000000000e+01,1.000000000000000000e+01,1.221518987341772222e+00,1.625776021930177784e+00,5.447826086956521863e+01,8.476245059288539778e+02,7.304347826086956097e+00,1.766798418972331142e+00,5.100000000000000000e+01,-4.171204912914251439e-01,6.495077216080818339e+00
1.950000000000000000e+01,5.000000000000000000e-01,1.066666666666666607e+01,2.100000000000000000e+01,1.200000000000000000e+01,1.206896551724137900e+00,8.959520239880064407e-01,3.495652173913043725e+01,2.233162055335968716e+02,5.565217391304347672e+00,1.984189723320157750e+00,3.000000000000000000e+01,-4.854135058355687482e-01,6.343834135796403650e+00
1.950000000000000000e+01,5.999999999999999778e-01,8.857142857142857650e+00,1.400000000000000000e+01,7.000000000000000000e+00,1.109090909090909127e+00,1.360269360269360239e-01,1.800000000000000000e+01,1.193636363636363598e+02,2.695652173913043459e+00,6.758893280632410905e-01,3.000000000000000000e+01,-5.034853388173253785e-01,4.238942879809599162e+00
1.950000000000000000e+01,6.999999999999999556e-01,7.066666666666666430e+00,1.500000000000000000e+01,1.500000000000000000e+01,1.252747252747252737e+00,2.857631257631257249e+00,2.100000000000000000e+01,1.876363636363636260e+02,4.608695652173913082e+00,1.067193675889327897e+00,3.800000000000000000e+01,-5.625181542277073454e-01,6.896320872089578558e+00
1.950000000000000000e+01,7.999999999999999334e-01,7.000000000000000000e+00,1.400000000000000000e+01,1.000000000000000000e+01,1.533333333333333437e+00,3.236158192090395236e+00,1.143478260869565233e+01,7.971146245059289015e+01,3.043478260869565410e+00,1.952569169960475026e+00,2.200000000000000000e+01,-5.344109862166575020e-01,5.357331674700668955e+00
1.950000000000000000e+01,8.999999999999999112e-01,4.777777777777777679e+00,1.000000000000000000e+01,9.000000000000000000e+00,1.294117647058823595e+00,5.169340463458109713e-01,1.147826086956521685e+01,1.346245059288537220e+02,1.869565217391304435e+00,1.664031620553359403e+00,2.400000000000000000e+01,-6.106604892477693891e-01,4.413424866514111145e+00
1.950000000000000000e+01,9.999999999999998890e-01,4.714285714285714413e+00,1.000000000000000000e+01,7.000000000000000000e+00,1.307692307692307709e+00,1.021538461538461506e+00,7.173913043478260754e+00,8.787747035573123355e+01,1.434782608695652106e+00,1.075098814229248578e+00,2.000000000000000000e+01,-5.385904557010465776e-01,3.940011648223646024e+00
