0.871218,0.8779547,0.53473735,0.8246295
0.21295579,0.38593405,0.56544864,0.22297077
0.68269974,0.6610721,0.45698187,0.755084
0.005042669,0.010132976,0.8413011,0.10928263
0.029480217,0.04779963,0.6265855,0.08298582
0.5558573,0.5573426,0.34598127,0.45422623
0.47672614,0.48187858,0.3530907,0.47763014
0.68231183,0.66341126,0.35607314,0.4337687
0.38944918,0.45268086,0.33416975,0.37330917
0.034910787,0.05938397,0.6318957,0.12960854
0.7428239,0.7206572,0.54235286,0.70263106
0.72420484,0.72706854,0.4755023,0.8019837
0.6508922,0.6505369,0.4151147,0.6497385
0.103568666,0.12779918,0.5280536,0.11011299
0.85104734,0.83933604,0.52542263,0.72870916
0.086501166,0.1728879,0.5904118,0.17741857
0.21877426,0.3020598,0.39349937,0.30736753
0.32660976,0.30732867,0.38336828,0.3106198
0.14313422,0.34785014,0.37506396,0.2662182
0.012412724,0.029044626,0.8386716,0.050900873
0.03413499,0.08913755,0.83971673,0.08176674
0.91117144,0.88252234,0.48283187,0.756461
0.70131886,0.7111594,0.48579398,0.76433724
0.74786663,0.7434916,0.43438032,0.6693596
0.34134987,0.42629752,0.23234834,0.42543212
0.42319626,0.40469998,0.26966646,0.439043
0.008921645,0.020398375,0.83962816,0.094315216
0.006206362,0.013328001,0.69018316,0.15878673
0.48254463,0.471072,0.326731,0.38300592
0.21373159,0.21427712,0.40829536,0.22271088
0.6737781,0.6350525,0.39552626,0.6183603
0.27075252,0.29597643,0.2255656,0.31597468
0.11210241,0.14346045,0.4300788,0.19859532
0.19821568,0.20876615,0.647728,0.13558291
0.08766486,0.14069903,0.34481338,0.2670028
0.25252134,0.3872288,0.39134505,0.3706418
0.59076804,0.6077741,0.30178398,0.49176815
0.32195503,0.32767668,0.27702463,0.2921436
0.23196277,0.3209517,0.33390853,0.31498948
0.020946471,0.03190954,0.504628,0.15411653
0.9162141,0.9112948,0.60932726,0.7938643
0.023661755,0.042838223,0.55716854,0.12322806
0.2284717,0.21255633,0.3951976,0.253066
0.8293251,0.7986457,0.48805884,0.72556275
0.010085338,0.0144829415,0.9197987,0.06121641
0.480993,0.48157555,0.46620902,0.3971716
0.10162918,0.19525066,0.44153824,0.13880198
0.25174555,0.3770888,0.23575726,0.41076556
0.0147401085,0.041291006,0.61941445,0.08217823
0.03103181,0.06982972,0.919873,0.07523921
0.003103181,0.013756833,0.92046636,0.05404086
0.26609778,0.5484589,0.14292398,0.35190657
0.43638477,0.4515953,0.29542154,0.49623245
0.92436004,0.9065079,0.54574424,0.7814278
0.56555474,0.5711807,0.36555308,0.55124557
0.91931736,0.92227036,0.4977843,0.7481499
0.27385572,0.48019496,0.25347486,0.42742702
0.30411172,0.38616621,0.18547992,0.44209802
0.51357645,0.5377262,0.37470582,0.66546655
0.08184639,0.10071547,0.70062417,0.10857967
0.20015517,0.3904478,0.37372315,0.300743
0.00038789763,0.0036796522,1.0,0.04203178
0.0822343,0.11376569,0.4460303,0.16011365
0.37548488,0.44997022,0.23298584,0.4989935
0.22963539,0.2814141,0.4262635,0.23041801
0.021722265,0.03235636,0.439207,0.18531138
0.6966641,0.7226258,0.47180247,0.674338
0.7401086,0.7268563,0.4146627,0.59748733
0.30837858,0.4923729,0.31967658,0.37606817
0.36307216,0.36798343,0.34524018,0.45465243
0.62606674,0.6197355,0.41416264,0.57463187
0.21140419,0.32011077,0.32937786,0.3186598
0.008533748,0.021837857,0.84077305,0.05063829
0.75252134,0.72566825,0.46688932,0.8040415
0.23041119,0.32639262,0.37740114,0.28513038
0.24049652,0.4041148,0.34945902,0.30787376
0.43910006,0.5450878,0.26880774,0.45013455
0.3700543,0.40407556,0.18246426,0.44133663
0.7432118,0.74674886,0.51290065,0.81185085
0.26609778,0.27270877,0.33979768,0.3332238
0.78549266,0.7760791,0.48767412,0.6875337
0.19084562,0.36003783,0.34155604,0.3021117
0.89720714,0.89475447,0.5815724,0.8901998
0.79829323,0.7719101,0.57526237,0.89246863
0.1807603,0.21372013,0.33048886,0.24428588
0.41117147,0.41657025,0.31764457,0.44369686
0.1613654,0.14627774,0.42175594,0.25016597
0.29984483,0.32221943,0.32028016,0.3477762
0.41155934,0.43452212,0.48382974,0.38229838
0.6617533,0.6604571,0.5483932,0.7361406
0.29557794,0.3936949,0.29259768,0.31360725
0.058960434,0.0830356,0.51195484,0.21635483
0.965865,0.96321446,0.7991602,0.88076913
0.3719938,0.41942072,0.24826378,0.4033873
0.38944918,0.46295613,0.29294854,0.42987803
0.6431342,0.64110667,0.3977783,0.6628609
0.7587277,0.7502737,0.576527,0.83315104
0.9200931,0.89829105,0.7404591,0.897011
0.5500388,0.54480964,0.3654199,0.46581286
0.08805276,0.15043107,0.5037821,0.14774495
0.79674166,0.7971907,0.7565653,0.9624956
0.64391005,0.6299601,0.3733174,0.56255245
0.5442203,0.610644,0.38031724,0.58121127
0.24398759,0.34191397,0.4312838,0.27597067
0.39371604,0.41459003,0.3322925,0.35049367
0.57447636,0.5816974,0.38068578,0.5881839
0.17183864,0.4027391,0.38232163,0.2667048
0.00814585,0.020979261,0.76539683,0.07705826
0.19937937,0.26292956,0.2964769,0.3589339
0.2451513,0.32422256,0.29321042,0.2920702
0.023273857,0.049954303,0.76494503,0.06979869
0.71024054,0.7338489,0.3950838,0.5923994
0.74204814,0.7214682,0.39025173,0.54556173
0.80294806,0.80085635,0.6510889,0.8430367
0.708301,0.68087864,0.40520996,0.59529746
0.12723042,0.22495463,0.44954032,0.24594586
0.0011636928,0.0049854834,0.8386716,0.25219068
0.8797518,0.859706,0.41133592,0.57602733
0.14274631,0.19678544,0.40610465,0.13870181
0.032971296,0.049850926,0.57628125,0.17617677
0.20248255,0.22351265,0.4051639,0.3587036
0.03064391,0.050023105,0.7092295,0.112084754
0.24127232,0.27391526,0.52811414,0.18503973
0.23235066,0.22117637,0.44665784,0.25733742
0.18774244,0.31609422,0.51360846,0.18791261
0.2459271,0.41418666,0.4050722,0.31851777
0.20170677,0.35136387,0.27135828,0.32533142
0.10744765,0.12836903,0.3159929,0.2948888
0.04965089,0.12321138,0.6260658,0.10854375
0.32932505,0.3202096,0.4672381,0.35894436
0.069433674,0.1134561,0.7721314,0.089555874
0.25019395,0.2950384,0.44258794,0.22181754
0.6675718,0.6594193,0.39206347,0.5753205
0.09619861,0.18576154,0.4334587,0.21774718
0.23545384,0.37315047,0.23919956,0.3409548
0.09425913,0.15873364,0.44805866,0.23083997
0.36152056,0.363755,0.38459393,0.34218693
0.39875874,0.36584443,0.38495812,0.44207966
0.16097751,0.22523172,0.51923716,0.21691878
0.49069047,0.5304809,0.37705886,0.4860249
0.52404964,0.5076669,0.38916013,0.41683352
0.20015517,0.2115893,0.4504714,0.30853838
0.53025603,0.54246736,0.38972783,0.3878888
0.0810706,0.11485584,0.7027644,0.14532652
0.564391,0.5640849,0.34113893,0.4561327
0.7110163,0.6977183,0.5415374,0.74101216
0.15089217,0.18159302,0.48096383,0.21386643
0.10085338,0.17203537,0.3336464,0.1772261
0.22924748,0.26956227,0.23160498,0.3250319
0.42319626,0.4897444,0.34369865,0.4231779
0.00814585,0.030172423,1.0,0.04203178
0.91233516,0.89306223,0.6860876,0.9866084
0.28820792,0.3497655,0.2945048,0.35771212
0.92086893,0.8998209,0.49985093,0.77950174
0.6373158,0.6474544,0.47596854,0.71430546
0.8436773,0.8481044,0.46070522,0.71653235
0.004654771,0.009163241,0.9183148,0.049673922
0.42513576,0.4916789,0.2304996,0.42878866
0.14391002,0.190849,0.3417526,0.30773953
0.77657104,0.7810194,0.4233902,0.655012
0.746315,0.7373495,0.5235272,0.7580572
0.8421257,0.82492346,0.41287518,0.4801288
0.003103181,0.01112235,0.76672655,0.16812712
0.07370055,0.19832988,0.6256693,0.12222222
0.35958108,0.44296736,0.2667522,0.3586116
0.6989915,0.67866075,0.45197484,0.65067714
0.9200931,0.91054314,0.5997723,0.8584109
0.5085338,0.4927648,0.39595532,0.3897611
0.086889066,0.12577549,0.5144903,0.18084359
0.261443,0.2916402,0.3470747,0.3186104
0.09154384,0.22377525,0.56897235,0.20749529
0.46198604,0.48599446,0.34939802,0.46292025
0.1955004,0.21017808,0.48704943,0.15991403
0.5256012,0.51679045,0.31147817,0.5512925
0.0321955,0.054995835,0.6350772,0.13393308
0.24166021,0.2618424,0.47863153,0.2533324
0.6753297,0.6793756,0.38480273,0.598648
0.4868115,0.5140434,0.21215239,0.54664
0.53840184,0.55354834,0.3244747,0.48726094
0.2924748,0.3702781,0.30168432,0.33913645
0.1303336,0.14516962,0.48381764,0.18284068
0.10705974,0.1642813,0.5119456,0.22926752
0.31613654,0.38763636,0.2645439,0.34657693
0.013576416,0.024887517,1.0,0.04203178
0.21838637,0.31794614,0.31647557,0.24831502
0.469744,0.47806105,0.26237422,0.4379438
0.37703645,0.381679,0.4985787,0.23223042
0.1303336,0.22828443,0.49708128,0.27526563
0.041117147,0.06919909,0.69634014,0.10445321
0.571761,0.5696638,0.37642834,0.52088124
0.564391,0.5727449,0.33861884,0.6015395
0.43134212,0.47733486,0.20868304,0.44839406
0.13964315,0.25906262,0.62739354,0.18601274
0.9871994,0.96810645,0.5501785,0.77198297
0.90651673,0.898416,0.6086093,0.8609538
0.3076028,0.36077818,0.31778118,0.29739937
0.034522887,0.06729091,0.8419201,0.08641545
0.38052753,0.48737383,0.27653787,0.39689255
0.2090768,0.31891292,0.39320493,0.31923622
0.11093872,0.14404903,0.7764369,0.122255586
0.042668734,0.09010064,0.62850916,0.13526833
0.06788208,0.10724385,0.5624397,0.113579474
0.46121025,0.4831697,0.25229162,0.48217276
0.0027152833,0.008921357,0.6855118,0.1961483
0.7548488,0.7450493,0.50366586,0.6540202
0.81730026,0.81207603,0.531701,0.7380606
0.20830102,0.22441563,0.38740727,0.21591811
0.20248255,0.3567692,0.27582115,0.34808373
0.3095423,0.33959106,0.4064371,0.319103
0.021722265,0.035733406,0.91901636,0.085346974
0.24941817,0.38290998,0.23472838,0.2970749
0.3906129,0.3618944,0.3681029,0.30042538
0.1974399,0.20271215,0.35072616,0.2580782
0.8584174,0.8476137,0.6691838,0.88529855
0.001939488,0.005864258,0.8386716,0.10507945
0.22304113,0.37407538,0.3037446,0.381082
0.09154384,0.12250614,0.5100919,0.2275379
0.5865012,0.5883848,0.34257457,0.51000476
0.42319626,0.43717003,0.4035485,0.3884531
0.48836306,0.45405975,0.36303842,0.55884314
0.91272306,0.9111616,0.50391334,0.78416544
0.65477115,0.6530598,0.43311793,0.6438047
0.6648565,0.65129,0.47720098,0.775842
0.09619861,0.14659342,0.5732577,0.15210657
0.10899924,0.15955763,0.50568,0.14515308
0.057020947,0.07466875,0.5691717,0.1612775
0.13421258,0.13154672,0.5207389,0.16085744
0.73816913,0.7233592,0.4325894,0.75606537
0.49689683,0.4757277,0.36601228,0.5156377
0.15632275,0.1911525,0.38713259,0.24391498
0.9305663,0.954511,0.47466615,0.7136687
0.7680372,0.7434158,0.4666156,0.68243754
0.051978275,0.08033196,0.70307636,0.13505416
0.14352211,0.1290524,0.7776569,0.14882642
0.36074474,0.40687788,0.30053967,0.46628198
0.3855702,0.3848901,0.30778852,0.3763416
0.22226533,0.33104187,0.51646584,0.24080853
0.24088441,0.3741503,0.23310961,0.4274692
0.28316525,0.34957916,0.31957752,0.31243098
0.0011636928,0.0031594997,1.0,0.04203178
0.16951126,0.34678409,0.4380248,0.25807196
0.009309542,0.015440384,0.69122756,0.1355864
0.30837858,0.3944098,0.18040429,0.3800662
0.062063616,0.08487559,0.5224677,0.187845
0.0814585,0.17155485,0.56948197,0.17490874
0.14352211,0.19478604,0.41823667,0.25464305
0.7176106,0.6970854,0.43923038,0.70958155
0.18425137,0.35638484,0.38525978,0.26405627
0.051978275,0.1508339,0.7670629,0.13405411
0.3999224,0.44621024,0.28356078,0.4338269
0.71218,0.7027073,0.4559029,0.69446886
0.023273857,0.034544323,0.77696496,0.12671855
0.14856479,0.31044558,0.4274457,0.22340795
0.23235066,0.2573046,0.37561542,0.3369067
0.2443755,0.25800407,0.3686236,0.26083192
0.75562453,0.75198597,0.40322676,0.60956806
0.4526765,0.46626672,0.14915095,0.4193567
0.37044218,0.35423157,0.51752925,0.2611341
0.15244375,0.3255338,0.32870007,0.2555676
0.17726922,0.21270713,0.3320894,0.2773488
0.006982157,0.018032847,0.8422752,0.059400287
0.09581071,0.20767991,0.49224466,0.20427632
0.13382468,0.15518591,0.3660532,0.20794651
0.14235842,0.17438734,0.5350272,0.20985745
0.35027152,0.3434545,0.30761394,0.37679604
0.041892942,0.08897164,0.70090425,0.14876673
0.001939488,0.005864258,0.8386716,0.15761918
0.12141196,0.2037354,0.4409294,0.23450087
0.0023273856,0.006181417,0.8386716,0.14711124
0.16252911,0.17527682,0.5936724,0.24697004
0.45733127,0.4587204,0.38220638,0.4753097
0.91272306,0.8978509,0.5762973,0.8215325
0.0027152833,0.0064279814,0.6153987,0.58844495
0.50155157,0.5087525,0.37346023,0.49721533
0.055469356,0.13681458,0.62312996,0.10770514
0.6795966,0.6562449,0.50640243,0.8544843
0.36346003,0.45092565,0.24665461,0.4401838
0.060124125,0.07735629,0.64039576,0.14828253
0.6505043,0.66403925,0.40099475,0.62941784
0.05314197,0.08342509,0.63902265,0.17230113
0.04693561,0.06857999,0.44661567,0.22383592
0.18269978,0.17729451,0.4970875,0.22534533
0.89487976,0.88717353,0.6748679,0.77807957
0.048875097,0.06846918,0.6462643,0.12661758
0.09193174,0.12887144,0.711406,0.17909388
0.75290924,0.7539056,0.48609474,0.7334842
0.2905353,0.350171,0.45302904,0.26032364
0.17339022,0.27976653,0.4966146,0.24714065
0.033359196,0.05720922,0.77342856,0.14114982
0.56206363,0.59064037,0.35749733,0.5561068
0.009309542,0.021227594,0.7674539,0.104211025
0.34406516,0.3952268,0.2476617,0.35472608
0.2808379,0.32791436,0.2658254,0.35628322
0.0027152833,0.007742906,0.92048806,0.056042377
0.7959659,0.7941734,0.6321669,0.8116875
0.12141196,0.1774305,0.30891007,0.36563703
0.32854924,0.40363917,0.15461771,0.37965715
0.09619861,0.27051562,0.62682873,0.15540335
0.14352211,0.15904406,0.348334,0.1921825
0.3204034,0.40899655,0.27485958,0.3681025
0.38944918,0.43026268,0.31816995,0.46872205
0.8060512,0.8004386,0.48782408,0.796715
0.03103181,0.052848242,0.7022352,0.095033474
0.7137316,0.6856316,0.38174778,0.6244469
0.117532976,0.2690821,0.37986925,0.2349576
0.33204034,0.37600917,0.33847976,0.35218936
0.79402643,0.7556162,0.41359764,0.5926025
0.31536072,0.40103954,0.38913333,0.3856781
0.0104732355,0.027325649,0.76107067,0.07221824
0.32660976,0.31514975,0.40702438,0.30832773
0.14041895,0.18697594,0.4486788,0.16713758
0.0977502,0.10445115,0.44194478,0.22253598
0.7176106,0.7106891,0.41985816,0.72313595
0.16446859,0.20093621,0.42347568,0.26818663
0.06128782,0.13648126,0.6314523,0.13720405
0.35027152,0.38686022,0.29748762,0.3141462
0.6598138,0.6659343,0.38065434,0.69221747
0.96470135,0.93060625,0.66691333,0.7720524
0.03995345,0.07751562,0.4372622,0.109123714
0.1295578,0.24083419,0.5678799,0.19621728
0.022498062,0.0423461,0.62492096,0.14441039
0.8964313,0.89622056,0.4715139,0.6794333
0.7874321,0.81422186,0.38943848,0.45846453
0.30566332,0.45669553,0.3092411,0.32362235
0.2587277,0.32618558,0.4617984,0.26918948
0.0073700543,0.017804887,0.8425924,0.07194629
0.897983,0.9001063,0.8302789,0.9729013
0.7435997,0.76283866,0.37622532,0.4720591
0.5496509,0.55501646,0.40092313,0.6039208
0.9724593,0.95049715,0.50354797,0.7656213
0.0802948,0.103197396,0.70630693,0.16386457
0.041892942,0.05954966,0.56763536,0.15177856
0.06982157,0.14552066,0.4921529,0.16050111
0.38944918,0.43189064,0.39383054,0.36044693
0.14429791,0.2453162,0.47124043,0.26567793
0.67494184,0.67591053,0.45131442,0.72815764
0.77114046,0.7658637,0.604607,0.75748235
0.011636929,0.030226918,0.7709426,0.089245565
0.6943367,0.68591547,0.42833742,0.71463794
0.7416602,0.7310422,0.51420665,0.6499332
0.875097,0.84232765,0.75568557,0.9352994
0.450737,0.5060829,0.33274084,0.40068004
0.91272306,0.90886873,0.6181864,0.8376055
0.101241276,0.115384266,0.56998664,0.12878472
0.24127232,0.26762283,0.38519093,0.28633955
0.1648565,0.29527318,0.43434337,0.2420437
0.17416604,0.25479287,0.4606051,0.344748
0.67455393,0.6466874,0.40445268,0.61679685
0.68580294,0.6974094,0.4028037,0.4232043
0.4045772,0.3819105,0.30989337,0.31669024
0.7032584,0.6682621,0.42565787,0.69402623
0.7544608,0.747788,0.66061926,0.83886474
0.001939488,0.005864258,1.0,0.04203178
0.005042669,0.01112235,0.7634547,0.10065505
0.34988362,0.38848004,0.40039876,0.40471852
0.46314973,0.49145147,0.32390127,0.51639634
0.099689685,0.14173965,0.7082969,0.14471696
0.3867339,0.39674976,0.39122626,0.51656175
0.44685805,0.42069304,0.22230878,0.4425742
0.82079136,0.8091534,0.5177554,0.6970398
0.050038792,0.07073672,0.52114266,0.14533463
0.020170676,0.04550071,0.6230098,0.10530872
0.5209465,0.5115242,0.3301423,0.5114815
0.1307215,0.2653448,0.38614985,0.26477557
0.6621412,0.66722727,0.45475212,0.68677855
0.0027152833,0.012813612,0.76357436,0.11768898
0.21528319,0.3162155,0.32104293,0.29437512
0.22381692,0.22728734,0.46152565,0.28120065
0.19821568,0.36465505,0.28759563,0.36773872
0.28665632,0.31784853,0.17910224,0.41568106
0.2932506,0.32629007,0.31533217,0.4049571
0.2757952,0.37586975,0.29609197,0.35876834
0.15089217,0.2154093,0.34440532,0.25204116
0.8677269,0.85848904,0.73814565,0.92805105
0.17106286,0.26256922,0.4548913,0.18733522
0.17726922,0.3091577,0.2744072,0.2715782
0.7028705,0.69461226,0.42214948,0.6914004
0.2117921,0.24491794,0.3233027,0.35628358
0.53878975,0.5402067,0.3218,0.51861084
0.034522887,0.04620891,0.50557506,0.16867463
0.5147401,0.48892173,0.33830234,0.40678552
0.015515905,0.026398705,0.8438561,0.056968696
0.4177657,0.48040223,0.23108962,0.4542498
0.23390226,0.2542661,0.36649647,0.28778583
0.29712957,0.3026972,0.47161707,0.26466814
0.88673395,0.8777202,0.64802504,0.8836694
0.05275407,0.11688928,0.62726086,0.16028164
0.4972847,0.5050302,0.25533462,0.50527036
0.7874321,0.7846104,0.6172841,0.9262705
0.018619085,0.04061534,0.76772255,0.054497655
0.4689682,0.48059034,0.3770805,0.4127257
0.15438326,0.34289023,0.55572903,0.16537985
0.833592,0.8279765,0.46772307,0.7399958
0.012412724,0.038494308,0.92059726,0.06063601
0.71799845,0.7159013,0.49775767,0.8035824
0.022110164,0.056251567,0.6912557,0.0946574
0.25640032,0.2541969,0.599091,0.17283769
0.19666408,0.18337491,0.5429618,0.20567574
0.83165246,0.8116874,0.57461476,0.7635091
0.006982157,0.01668727,0.6169361,0.21780103
0.0011636928,0.0031594997,0.9183148,0.12609534
0.03878976,0.06356845,0.50653946,0.18034028
0.9169899,0.90153384,0.43444535,0.6384868
0.56826997,0.58281815,0.34824783,0.38300183
0.42474785,0.5218822,0.33476824,0.4691778
0.88052756,0.8745247,0.7520733,0.9762339
0.033747092,0.04527494,0.45879024,0.21713583
0.7948022,0.8150154,0.43374503,0.6467358
0.17145075,0.40332323,0.49071765,0.23435488
0.23816913,0.25958914,0.6585299,0.2086614
0.2269201,0.2830436,0.45859122,0.19496799
0.10667185,0.2119264,0.559709,0.19241329
0.9169899,0.889903,0.7138684,0.97958976
0.29596588,0.30702573,0.44726843,0.35321286
0.07098526,0.114699975,0.6973429,0.15464315
0.06788208,0.15626311,0.6235592,0.174707
0.00077579514,0.0023970937,0.8386716,0.12609534
0.24282391,0.27049318,0.40201113,0.21838923
0.70364624,0.69049025,0.4269454,0.63985765
0.26726145,0.49985737,0.23664786,0.35755518
0.26881304,0.32217786,0.36769438,0.3343729
0.09231963,0.14239839,0.57310843,0.24719311
0.022498062,0.03499252,0.7692284,0.15945981
0.58417374,0.5614969,0.35318083,0.55784667
0.011636929,0.02527271,0.767931,0.074884206
0.043832425,0.08637792,0.7011685,0.08976349
0.00814585,0.019803124,0.91998535,0.087471545
0.07059736,0.12295892,0.62689877,0.14921238
0.91233516,0.9214065,0.60125667,0.8812296
0.06982157,0.0841218,0.639582,0.15736559
0.45422807,0.50887024,0.19850223,0.47337818
0.8010086,0.7938439,0.6429377,0.7786896
0.37044218,0.3534397,0.433504,0.28085378
0.8479442,0.87421346,0.47439635,0.66797674
0.7490303,0.7533481,0.5386846,0.87057316
0.80294806,0.7981776,0.55824065,0.7691575
0.21295579,0.29974008,0.4728571,0.2292539
0.7544608,0.72438616,0.37972316,0.54890084
0.16757177,0.20892832,0.38462213,0.27295852
0.8064391,0.795372,0.55189806,0.69146645
0.054305665,0.08728906,0.43907452,0.21362187
0.5178433,0.5859401,0.26025635,0.48487294
0.2284717,0.25406802,0.4775818,0.27046
0.26997674,0.40765515,0.4035255,0.32613757
0.28355315,0.39230323,0.21100774,0.41204146
0.1648565,0.31449473,0.48623618,0.25400046
0.8898371,0.86593574,0.5558813,0.8208363
0.8921645,0.8882037,0.411698,0.6084609
0.5857254,0.55912673,0.3662593,0.63070613
0.7032584,0.71657836,0.43611452,0.71167004
0.039565556,0.07191826,0.57901776,0.15570728
0.07408845,0.1740379,0.76938045,0.13561407
0.004266874,0.010266005,0.7640157,0.18493985
0.29868114,0.4739129,0.09598167,0.41122293
0.8681148,0.85077363,0.40041992,0.57413983
0.488751,0.46305373,0.34321216,0.38217837
0.012412724,0.05576695,0.76669556,0.07705826
0.0147401085,0.030154236,0.8386716,0.04676509
0.79635376,0.7757436,0.36937776,0.53818375
0.33010086,0.3359954,0.3093615,0.48677805
0.0077579524,0.015440384,0.6301205,0.1961483
0.67804503,0.6587823,0.39218184,0.61404765
0.026377037,0.0516154,0.84190804,0.09382165
0.0636152,0.08949492,0.64094454,0.12654428
0.5608999,0.5440472,0.4109327,0.40335035
0.22187744,0.43992418,0.20818429,0.38277766
0.7370055,0.7238002,0.46382105,0.76483214
0.77114046,0.7511547,0.51013386,0.71510595
0.31380916,0.36155754,0.28824338,0.33146006
0.023661755,0.026622945,0.635931,0.1502497
0.21140419,0.4044693,0.3394609,0.3395612
0.05508146,0.050830714,0.63660604,0.13199773
0.15360746,0.3575538,0.33265364,0.2901001
0.6617533,0.676317,0.42316538,0.71299386
0.5147401,0.525736,0.3026726,0.47659674
0.21916215,0.52451855,0.32357386,0.29925513
0.23933284,0.48898166,0.47420293,0.24697153
0.386346,0.38769925,0.7181092,0.18383573
0.9499612,0.92771125,0.52124244,0.7387624
0.08301009,0.1244182,0.50397867,0.1805679
0.10550815,0.11207665,0.5803077,0.15909429
0.43638477,0.45081735,0.4249174,0.2323756
0.02443755,0.044782158,0.701362,0.1078067
0.30294803,0.42476612,0.26431516,0.35407686
0.37781227,0.39710313,0.25142506,0.42643833
0.20868891,0.21079592,0.23596305,0.3741546
0.84833205,0.82706434,0.46771243,0.6817827
0.18619086,0.19311062,0.40123612,0.27791676
0.18813033,0.36060086,0.38326913,0.25734612
0.09348333,0.10311675,0.58095825,0.17410353
0.3207913,0.37108532,0.1337961,0.4014606
0.00814585,0.023177456,0.9183148,0.04623496
0.88634604,0.87128735,0.7273388,0.9196186
0.128782,0.21433358,0.4602727,0.222615
0.0027152833,0.009998652,1.0,0.04203178
0.28044996,0.34973595,0.40522915,0.25447756
0.068269975,0.07459803,0.5213147,0.19719489
0.7459271,0.7376393,0.51853514,0.7446579
0.42823896,0.4224298,0.2813799,0.48817918
0.3091544,0.32277605,0.463914,0.22123297
0.004654771,0.013827283,0.9204207,0.049673922
0.0077579524,0.018202258,0.84249777,0.057316065
0.22304113,0.25207606,0.47146663,0.25122583
0.16912337,0.19490695,0.409657,0.31529132
0.06322731,0.0683582,0.5697332,0.17633295
0.68231183,0.65555626,0.4784321,0.79032385
0.9441428,0.94823694,0.6944371,0.77290523
0.8118697,0.8109451,0.39958802,0.5025273
0.928239,0.9196065,0.55520684,0.77528244
0.0058184643,0.011773295,0.8429526,0.055426527
0.024825448,0.04889971,0.70806307,0.12193319
0.63653994,0.61747855,0.41325137,0.7305019
0.79829323,0.780766,0.5772989,0.79216844
0.5806827,0.58621347,0.36006853,0.4658554
0.5372382,0.5345922,0.3893737,0.47772914
0.17688131,0.27286237,0.43424082,0.30266368
0.29635376,0.43473414,0.12903707,0.4416738
0.40690455,0.43212372,0.29736698,0.44574443
0.008921645,0.025694778,0.7629715,0.0666711
0.33902252,0.3653178,0.4108683,0.40256244
0.005042669,0.01112235,0.47829476,0.4781115
0.7129558,0.7315782,0.5266948,0.692198
0.7769589,0.75579935,0.5388503,0.81592065
0.47944143,0.51078546,0.29301316,0.48056993
0.7862684,0.7796425,0.38871402,0.54449147
0.697052,0.6723439,0.46063933,0.75602597
0.15128008,0.27997273,0.3874637,0.22505008
0.16602018,0.10439991,0.5403039,0.2519108
0.027928628,0.031069558,0.7712062,0.12740429
0.8739333,0.8693805,0.5044243,0.78195965
0.18347557,0.27144778,0.4572389,0.21160482
0.05973623,0.1003434,0.5618579,0.14793551
0.7164469,0.717743,0.37410325,0.4463565
0.006982157,0.01668727,0.840325,0.09982548
0.37781227,0.40254068,0.29791504,0.39917076
0.20403415,0.22092442,0.5958511,0.12798557
0.0027152833,0.0064279814,0.9183148,0.056042377
0.12102406,0.17665744,0.39494002,0.24605297
0.072536856,0.08106136,0.69893396,0.13174655
0.0027152833,0.007742906,0.8409963,0.07845932
0.0011636928,0.0031594997,0.9183148,0.08406356
0.31380916,0.4147695,0.32114965,0.35012594
0.33514354,0.3442001,0.36390185,0.33956924
0.5787432,0.5825211,0.280425,0.5050116
0.003103181,0.009067038,0.91994625,0.068779275
0.25562453,0.34054714,0.320007,0.340891
0.0,0.0,1.0,0.0
0.102017075,0.11287671,0.47310776,0.13401684
0.12645462,0.25703564,0.5690192,0.23672189
0.3017843,0.38046008,0.34420982,0.29874358
0.5519783,0.6099855,0.33584228,0.5977512
0.1474011,0.21517321,0.4602084,0.247473
0.025213346,0.04631982,0.55745643,0.17304832
0.09930179,0.11549276,0.6409038,0.13590303
0.20403415,0.25681603,0.38316908,0.2572143
0.5209465,0.5295619,0.41052142,0.38558155
0.0162917,0.028818157,0.7673149,0.04865987
0.5294802,0.54344803,0.37905732,0.48327684
0.18657875,0.24185397,0.14396161,0.29452735
0.12567882,0.22869267,0.4960622,0.24401514
0.38712183,0.37618098,0.45620912,0.28113735
0.276571,0.36068532,0.29922968,0.2911479
0.3366951,0.3804841,0.3031228,0.3483982
0.023273857,0.036353145,0.501214,0.19522375
0.004266874,0.016837804,0.69346,0.25219068
0.028316526,0.047619984,0.56070286,0.07454225
0.15903802,0.36538783,0.4415397,0.28515884
0.71450734,0.6980227,0.47438854,0.65380836
0.020170676,0.03557694,0.8407681,0.07072014
0.9449186,0.9327677,0.6107515,0.88911504
0.34755623,0.40784663,0.3213557,0.3912063
0.00077579514,0.0023970937,0.9183148,0.12609534
0.6885182,0.6913878,0.40185076,0.5469326
0.016679598,0.04358634,0.6987321,0.09016341
0.1314973,0.36522105,0.40472955,0.2562187
0.7451513,0.73121893,0.4104611,0.568334
0.26609778,0.2993382,0.40193424,0.24682045
0.21605897,0.36261255,0.22445837,0.42252827
0.04693561,0.053980093,0.77080977,0.12948105
0.09930179,0.11199687,0.35048124,0.25426215
0.07564004,0.1581338,0.6200595,0.13182789
0.6978278,0.6692917,0.38808396,0.52321196
0.006982157,0.01668727,0.9183148,0.046976697
0.36733902,0.41961268,0.32100204,0.35031924
0.07447634,0.17531809,0.68693244,0.13849632
0.3886734,0.40075964,0.267028,0.32493994
0.33824667,0.33666152,0.44174072,0.29968667
0.5783554,0.55834323,0.38622034,0.62232256
0.5659426,0.56364673,0.37487763,0.482692
0.1474011,0.19281642,0.58564997,0.14339416
0.761443,0.75394136,0.39164925,0.5306735
0.35764158,0.35923827,0.37742,0.37212393
0.23584174,0.31935143,0.30645594,0.35180596
0.48797518,0.47044286,0.30223942,0.5075314
0.76648563,0.77148306,0.50391984,0.68338937
0.6834756,0.7020318,0.50561035,0.6980218
0.34212568,0.33650598,0.37757054,0.28004143
0.48758727,0.48593035,0.31528136,0.44921607
0.09891389,0.2068981,0.44724572,0.17355058
0.11559349,0.13557819,0.5098789,0.17390025
0.013964314,0.030281331,0.68879694,0.083312996
0.16679597,0.3036479,0.39349532,0.23532566
0.23622966,0.28963274,0.3709077,0.2706602
0.06982157,0.12873207,0.6981138,0.12989901
0.17532972,0.30480725,0.16307025,0.35486802
0.17183864,0.31394103,0.39533612,0.30671942
0.1132661,0.15667047,0.51338184,0.24951923
0.1132661,0.17111528,0.278467,0.27238834
0.8413499,0.8321826,0.47723836,0.7063621
0.0073700543,0.017804887,0.62275016,0.1478896
0.11171451,0.19807684,0.50512964,0.22152922
0.17532972,0.24721222,0.2947163,0.29366887
0.71218,0.71577215,0.44396356,0.675739
0.53956556,0.512541,0.3764736,0.5063899
0.38518232,0.46242562,0.32903627,0.5299026
0.36733902,0.43973404,0.20724292,0.39174333
0.10628395,0.1442031,0.5184869,0.22404462
0.051978275,0.06198483,0.84500825,0.09928897
0.13110939,0.24736917,0.31574085,0.26511535
0.23506595,0.21111992,0.30568314,0.21329121
0.13537626,0.22430497,0.4362626,0.25165093
0.13809155,0.18652348,0.46139145,0.2787177
0.29441428,0.27969703,0.30988625,0.28643543
0.39371604,0.39076307,0.26656452,0.32103494
0.57990694,0.57411957,0.38410917,0.65180707
0.9344453,0.9069486,0.57918644,0.85659546
0.8238945,0.80807745,0.4369053,0.6427638
0.06594259,0.078375176,0.5114682,0.15624857
0.2808379,0.3185617,0.40890852,0.25584435
0.09581071,0.112034105,0.58973,0.18730532
0.6268425,0.6363722,0.38020307,0.61616176
0.12335144,0.25531143,0.5566777,0.20623913
0.28549263,0.2895656,0.28231338,0.29754108
0.6660202,0.70427126,0.41197777,0.7039916
0.78549266,0.7815424,0.50821316,0.7732534
0.073312655,0.08506997,0.5196505,0.16666974
0.78549266,0.76067823,0.73446065,0.8493493
0.57370055,0.5670236,0.37838084,0.54872197
0.09891389,0.1107236,0.7107704,0.14156613
0.8184639,0.8144386,0.60090446,0.84392667
0.34833205,0.4092172,0.1508481,0.41272184
0.7517455,0.72748446,0.62021875,0.7101134
0.034910787,0.077272706,0.68854696,0.08290951
0.45849496,0.4734668,0.325501,0.44363227
0.41737783,0.44888768,0.20031655,0.4448844
0.44957334,0.44945574,0.33440802,0.50397056
0.6609775,0.6505435,0.42766795,0.6558031
0.4030256,0.42171425,0.34993345,0.41373968
0.06322731,0.07162462,0.52354455,0.19978549
0.00077579514,0.0043973164,0.9183148,0.12609534
0.11947247,0.15252149,0.4646655,0.2098326
0.089604355,0.124009155,0.5085036,0.10941166
0.013188519,0.02390101,0.76284283,0.06495821
0.6039565,0.6355929,0.36233333,0.59574026
0.49262995,0.49247217,0.36632192,0.3579645
0.6559348,0.64569014,0.34549227,0.38176614
0.10085338,0.16935651,0.775138,0.12637468
0.5725369,0.5785728,0.33977687,0.51104546
0.008533748,0.020115549,0.6229326,0.17723401
0.10705974,0.13460694,0.58617353,0.1847639
0.3196276,0.35523778,0.38515902,0.26951784
0.11520559,0.16035873,0.43335825,0.20457903
0.9681924,0.95355344,0.6276745,0.8931835
0.00969744,0.017804887,0.7650334,0.10672132
0.040729247,0.062507614,0.769162,0.118134774
0.038013965,0.03484902,0.57643294,0.13711914
0.34367725,0.5031309,0.11274455,0.5257197
0.85415053,0.82501113,0.58926386,0.84709066
0.71024054,0.7068095,0.5016842,0.7438984
0.12645462,0.2028016,0.43743014,0.18613625
0.0480993,0.14931683,0.5596824,0.08594889
0.76842517,0.76250464,0.43634713,0.64906967
0.5752521,0.5853145,0.3961588,0.58984077
0.27152833,0.35419372,0.4600678,0.32980993
0.043832425,0.045513224,0.56813955,0.11884403
0.17377813,0.22756696,0.35418004,0.23115641
0.5775795,0.58661294,0.45877677,0.3569104
0.033747092,0.06075487,0.84535223,0.090595536
0.83475566,0.82609993,0.6886087,1.0
0.3386346,0.36283594,0.47529346,0.33317056
0.39837083,0.44800425,0.35195154,0.36789954
0.00038789763,0.001404518,0.9183148,0.08406356
0.5996897,0.6362125,0.33639666,0.4593534
0.18347557,0.32825014,0.34923533,0.27280018
0.4550039,0.5107448,0.39662412,0.4548902
0.15748642,0.22637421,0.36680022,0.28728557
0.43017843,0.4509649,0.29258248,0.38940257
0.49495736,0.49143407,0.24342647,0.47418073
0.6132661,0.61558914,0.3935926,0.60837644
0.12606673,0.14092904,0.36953416,0.1957308
0.71916217,0.719585,0.3793108,0.5497328
0.16795968,0.23847698,0.49764743,0.30489835
0.5321955,0.5346768,0.39209226,0.46143493
0.0023273856,0.011773295,0.92051864,0.05884449
0.062063616,0.09015313,0.57311535,0.18363954
0.42319626,0.49020314,0.26843736,0.37253004
0.77075255,0.7586367,0.5138946,0.8119723
0.60667187,0.6016844,0.37991023,0.5587087
0.08533748,0.14132854,0.42345437,0.19246423
0.7129558,0.7080411,0.35886812,0.56456184
0.26958886,0.30447587,0.3902399,0.19156912
0.18619086,0.267675,0.33808315,0.26729184
0.450737,0.463059,0.37984186,0.49766943
0.73816913,0.72989124,0.44741237,0.6412768
0.5376261,0.5464846,0.37884068,0.52465546
0.7451513,0.7460358,0.5467989,0.792043
0.9860357,0.98696727,0.5424538,0.8080004
0.571761,0.5727908,0.40480196,0.6120954
0.07874321,0.14245313,0.6304683,0.1521521
0.2591156,0.24440247,0.4431218,0.27329648
0.003103181,0.0066090287,0.6855118,0.15131441
0.8708301,0.83174217,0.4779726,0.71004003
0.99961215,0.98888135,0.50880486,0.80281055
0.71450734,0.6783612,0.3507881,0.4155544
0.8956556,0.9020056,0.69876164,0.8725672
0.6101629,0.607464,0.40101373,0.64040965
0.18774244,0.27528864,0.2561603,0.39835837
0.9522886,0.9270589,0.6269638,0.8999189
0.8463925,0.8441596,0.46560636,0.7170699
0.3847944,0.3854156,0.38656193,0.4224777
0.5911559,0.6025013,0.34694,0.58704865
0.117532976,0.23391257,0.39619762,0.22598828
0.59658647,0.5994691,0.3951452,0.59930646
0.60201705,0.61805093,0.41865036,0.7063782
0.060512025,0.09652219,0.7074396,0.13100564
0.337083,0.38256752,0.2661748,0.33209965
0.15438326,0.30832836,0.33230585,0.32013097
0.65748644,0.6570222,0.39458326,0.63289404
0.30837858,0.3155992,0.2736188,0.38675302
0.852211,0.82785666,0.69026804,0.9835617
0.35958108,0.34158078,0.35626,0.25293517
0.054305665,0.09843259,0.62831926,0.11393949
0.56012416,0.57941574,0.3403494,0.7050734
0.019782778,0.030480092,0.7646845,0.089460894
0.15089217,0.30037227,0.55473673,0.20553899
0.8716059,0.8631357,0.6055732,0.9072287
0.35802948,0.4416357,0.29907468,0.37579292
0.4701319,0.5464533,0.27794623,0.45470333
0.18308768,0.24210452,0.58160156,0.19633123
0.35880527,0.42770368,0.2970142,0.45382985
0.31342125,0.30352974,0.4198823,0.4418623
0.2905353,0.30555445,0.4947458,0.27416804
0.31613654,0.36174792,0.3225357,0.26140252
0.42242047,0.48466542,0.24942666,0.42025054
0.024825448,0.04040643,0.8425296,0.06461649
0.0,0.0,1.0,0.0
1.0,0.97599655,0.6093087,0.83013535
0.939488,0.9307268,0.45989788,0.72024924
0.56826997,0.5856833,0.33084908,0.6155808
0.045771915,0.1053185,0.63367754,0.13371325
0.5810706,0.5568641,0.37265596,0.43616822
0.1470132,0.16481906,0.43078044,0.3016152
0.45965865,0.4378424,0.3247071,0.46060666
0.15787433,0.14833215,0.40165663,0.1808944
0.1605896,0.222655,0.3250169,0.25970942
0.065166794,0.13533491,0.705346,0.1377703
0.85104734,0.8385129,0.45410892,0.60945386
0.1458495,0.22847538,0.20801635,0.31047884
0.23700544,0.3808076,0.45891348,0.26467663
0.63964313,0.6052455,0.3031549,0.5906222
0.71916217,0.7121488,0.39933318,0.5650454
0.8231187,0.8130788,0.5274383,0.8828983
0.6322731,0.6208914,0.4344593,0.38167158
0.0147401085,0.041291006,0.84204966,0.07845227
0.1474011,0.20134789,0.33844632,0.3074968
0.8921645,0.8753667,0.66857916,0.91920096
0.025601242,0.05812218,0.62306124,0.15411653
0.48952678,0.52398694,0.2446976,0.53475124
0.00077579514,0.0043973164,0.9183148,0.12609534
0.63188523,0.6370766,0.37373272,0.6778197
0.83087665,0.8048785,0.6015749,0.9187209
0.72071373,0.71461725,0.4775237,0.7682226
0.96159816,0.95158213,0.65638095,0.8885742
0.77424365,0.7641102,0.51043004,0.7254663
0.0023273856,0.006181417,0.9183148,0.09807415
0.19821568,0.28751844,0.33154842,0.34016514
0.044220325,0.08630271,0.44919217,0.16322176
0.0325834,0.035935882,0.44655547,0.18299203
0.10240497,0.22405109,0.58092684,0.20545998
0.42862684,0.48681074,0.2575474,0.5443633
0.96082234,0.9535297,0.56924725,0.8151384
0.8580295,0.84382635,0.5833122,0.793558
0.3708301,0.3451347,0.185857,0.47711533
0.7195501,0.71228373,0.3929203,0.6534734
0.062063616,0.07613188,0.39024967,0.19245265
0.5830101,0.5659841,0.3515584,0.44153234
0.9391001,0.90351427,0.8695043,0.94837594
0.33824667,0.34654164,0.47880682,0.30132923
0.85453844,0.8555652,0.43418345,0.6689797
0.14352211,0.14908335,0.65552044,0.16342914
0.07292475,0.09782808,0.48098883,0.20133099
0.09891389,0.21771193,0.5760769,0.15046252
0.43017843,0.43139583,0.37862375,0.279616
0.39643133,0.5898871,0.13672026,0.46270984
0.4185415,0.4450501,0.3639577,0.3325761
0.20054308,0.21704373,0.49606255,0.2520909
0.66912335,0.63750005,0.32609493,0.43586633
0.1648565,0.28759876,0.44335717,0.26143515
0.7176106,0.711976,0.5404539,0.6930447
0.65244377,0.637261,0.43998048,0.68710846
0.2125679,0.2604527,0.4185068,0.25124866
0.9138868,0.9260684,0.41689426,0.630494
0.3999224,0.4317564,0.37934202,0.36089575
0.114429794,0.10822161,0.41417477,0.21410657
0.037626065,0.10757626,0.69022226,0.062119734
0.36811483,0.3837306,0.38200653,0.34489
0.77424365,0.7484642,0.636144,0.85746914
0.0065942593,0.028666297,0.7636079,0.114836834
0.1481769,0.20758961,0.3923935,0.2857044
0.20636153,0.24907938,0.43117666,0.22133346
0.102017075,0.1409503,0.46690488,0.20331271
0.22924748,0.21318443,0.49352348,0.23950723
0.8584174,0.80632263,0.47971728,0.7515278
0.29286268,0.41861993,0.19670267,0.37307405
0.15244375,0.25250885,0.3974871,0.22274916
0.14235842,0.24825747,0.45638183,0.29370055
0.2280838,0.33729565,0.42629144,0.31330875
0.83475566,0.81400216,0.48094627,0.73467785
0.06594259,0.16184895,0.6984462,0.096850336
0.2757952,0.36673442,0.34911543,0.29973844
0.07564004,0.120520085,0.5027551,0.18688399
0.23661755,0.2616569,0.3372138,0.34018815
0.5349108,0.54298884,0.3671252,0.56783366
0.7676494,0.7579324,0.43949547,0.6790725
0.4728472,0.48497662,0.39718705,0.37963745
0.7734678,0.76638496,0.56585467,0.8242644
0.12141196,0.13675325,0.5955344,0.21562625
0.1807603,0.1903231,0.4688329,0.1861273
0.1466253,0.22504346,0.50274724,0.2647071
0.09581071,0.24904041,0.5754622,0.19946535
0.10861133,0.19773492,0.44597822,0.1975544
0.22342902,0.25149062,0.42851743,0.23516627
0.18463926,0.30161458,0.40960807,0.24617964
0.15321957,0.22380774,0.5198709,0.22261162
0.018619085,0.029677937,0.6215881,0.15893689
0.68425137,0.6708674,0.36727703,0.43712345
0.31186965,0.32027605,0.33444825,0.32663122
0.056245152,0.087491795,0.3712447,0.21618387
0.3859581,0.41179827,0.37451506,0.34011868
0.01784329,0.024211662,0.626225,0.10445139
0.13615206,0.24873096,0.36791202,0.20010443
0.5806827,0.5922774,0.39846814,0.43693918
0.27230412,0.3682731,0.33105007,0.37489492
0.9034135,0.8993699,0.5909938,0.81638
0.4352211,0.40351218,0.31404036,0.5457237
0.034910787,0.04254624,0.43317762,0.16423678
0.24010862,0.35028055,0.34598863,0.25417492
0.647789,0.6405863,0.38129473,0.51010543
0.3840186,0.44285023,0.31068137,0.3688062
0.14429791,0.15015927,0.21000285,0.30880874
0.80837864,0.78982174,0.6245079,0.8405389
0.31613654,0.3694906,0.21425883,0.45156562
0.19239722,0.3146668,0.39125714,0.3164927
0.26609778,0.3340238,0.400448,0.24174199
0.6955004,0.6962998,0.4208879,0.69427943
0.2269201,0.32061973,0.36355242,0.2225865
0.46586502,0.48252964,0.31590834,0.407815
0.28394106,0.35091293,0.38817662,0.29540506
0.05663305,0.055267915,0.53786224,0.28067395
0.44220325,0.44672707,0.5125361,0.24649867
0.0015515903,0.003762811,0.9183148,0.07005297
0.2459271,0.34545922,0.3233429,0.30167535
0.17688131,0.30498475,0.3471322,0.25562036
0.51008534,0.48994765,0.3405131,0.51171106
0.03878976,0.049988713,0.7037547,0.16227867
0.21140419,0.48505595,0.40827012,0.32490122
0.68968195,0.68684477,0.42399782,0.6022938
0.16369279,0.19778991,0.30529928,0.21992394
0.5961986,0.57655996,0.3857284,0.5006458
0.006206362,0.014918236,0.8403044,0.10585781
0.0802948,0.1336826,0.84433943,0.103259176
0.13421258,0.32323006,0.48826995,0.19590138
0.7521334,0.7474465,0.47775644,0.7607772
0.85415053,0.8375397,0.4866115,0.75420547
0.30023274,0.27607515,0.3227656,0.3603677
0.8355315,0.80550474,0.41574538,0.5827158
0.39022496,0.42890754,0.36191475,0.42354634
0.16834757,0.1842055,0.59592605,0.20936047
0.008921645,0.021546774,0.76792026,0.09206962
0.012024826,0.020551253,0.5632637,0.22178471
0.1943367,0.24778801,0.48202494,0.2778645
0.008533748,0.018258438,0.6145363,0.16112183
0.028316526,0.084065706,0.55975574,0.18580662
0.003103181,0.0066090287,0.8409474,0.07205448
0.023273857,0.041970152,0.6397115,0.17641778
0.193173,0.29501575,0.43350723,0.29912886
0.11792088,0.17693026,0.5039059,0.20716493
0.90884405,0.88464826,0.50224686,0.75638527
0.17571762,0.2449328,0.44312295,0.18331368
0.23196277,0.28282672,0.43524152,0.28885823
0.11055082,0.21863848,0.5011003,0.13539402
0.2459271,0.4166523,0.3910181,0.29811448
0.5554694,0.5551894,0.41012505,0.63487494
0.19123352,0.2017647,0.4013695,0.33553508
0.67222655,0.66006863,0.47650895,0.7373491
0.5954228,0.6061453,0.45101553,0.33753234
0.0058184643,0.013507982,0.41390842,0.31523836
0.06283941,0.13175592,0.6985431,0.14681101
0.40031034,0.44512686,0.34990248,0.37668538
0.4336695,0.49156955,0.3320035,0.41680026
0.014352212,0.043495104,0.76573265,0.075764984
0.0034910785,0.012127676,0.6889814,0.23642877
0.7637704,0.7649018,0.5728579,0.66562015
0.22226533,0.32964337,0.21112491,0.3570519
0.44763383,0.42330852,0.48264804,0.26474348
0.15438326,0.35995153,0.3488432,0.2568785
0.8847944,0.8757608,0.55764776,0.8171142
0.2276959,0.29968935,0.24738806,0.37791812
0.939488,0.91120803,0.64386344,0.86386216
0.21450737,0.22787547,0.33947092,0.25859386
0.08378589,0.097949274,0.5067764,0.19685388
0.3091544,0.3101751,0.3424282,0.29823357
0.53064394,0.5341358,0.38125494,0.46811202
0.7416602,0.7012299,0.5209141,0.73581994
0.32816136,0.46616715,0.21573544,0.3796115
0.79441434,0.7832711,0.61247844,0.8205942
0.31691232,0.29616943,0.4161682,0.24317898
0.23739333,0.25147375,0.38491997,0.27425343
0.009309542,0.024930572,0.77050155,0.07735911
0.82660985,0.79717,0.68826413,0.8860472
0.003103181,0.009067038,0.91961473,0.09457151
0.48525992,0.48379758,0.32522523,0.4785372
0.8607448,0.83149236,0.44813868,0.6852487
0.17610551,0.2211791,0.39299533,0.33013326
0.6183088,0.64627373,0.5423541,0.7568084
0.8642358,0.8783958,0.5272697,0.8206558
0.12684253,0.17208439,0.510011,0.17015779
0.8301009,0.8280283,0.4687389,0.77597004
0.00038789763,0.001404518,0.9183148,0.08406356
0.9181536,0.90971947,0.4819364,0.73157024
0.93871224,0.9151698,0.55199677,0.8021964
0.2901474,0.33270177,0.393114,0.33450368
0.027928628,0.043807175,0.63259465,0.10672417
0.47168347,0.482113,0.42749655,0.4106967
0.96082234,0.9538697,0.5684387,0.7577506
0.37936383,0.41408798,0.34627938,0.4226228
0.7777347,0.78237194,0.4416309,0.6878788
0.29868114,0.44392538,0.25271443,0.35286227
0.088828556,0.1201926,0.63852555,0.16364679
0.9251358,0.89902157,0.6098894,0.8674725
0.23467806,0.30778345,0.30513212,0.31170583
0.2788984,0.35103786,0.0,0.54462886
0.29751745,0.4639048,0.26833805,0.3599016
0.17726922,0.30875018,0.37113497,0.3205854
0.044220325,0.06869062,0.4391756,0.15557218
0.03064391,0.07021385,0.7702777,0.09673738
0.19782779,0.3420457,0.5713392,0.20879689
0.13770366,0.2342646,0.32444808,0.39885694
0.85492635,0.8353214,0.719807,0.8235373
0.10395656,0.30489898,0.62492,0.17131135
0.46431342,0.4455052,0.39474833,0.41106066
0.95733124,0.95177406,0.6067854,0.84637654
0.9216447,0.9029707,0.5807499,0.84176713
0.24709077,0.44241586,0.14004226,0.35960522
0.28044996,0.39423662,0.18144716,0.43298343
0.14391002,0.2316194,0.40284082,0.30486074
0.71218,0.7052477,0.4373464,0.7071761
0.20325834,0.24935925,0.2630677,0.37856674
0.9344453,0.914611,0.7273935,0.88672614
0.6955004,0.7106323,0.39672676,0.68161565
0.8894492,0.86440855,0.4958429,0.77357763
0.7133437,0.7074943,0.40415823,0.587359
0.8118697,0.79844236,0.39956364,0.5054643
0.017455393,0.026419159,0.76366454,0.10260116
0.79674166,0.77071816,0.48649445,0.7020771
0.030256012,0.0535838,0.56071395,0.13747337
0.00814585,0.020979261,0.623685,0.14491555
0.52792865,0.5351636,0.2953081,0.483863
0.8114818,0.78968596,0.43449035,0.67829293
0.5407292,0.5746859,0.29604632,0.43937612
0.2257564,0.55958366,0.26621217,0.38597116
0.34328938,0.33492652,0.34352928,0.37937173
0.5147401,0.48235494,0.37245092,0.44839734
0.012412724,0.024387635,0.92040247,0.047623992
0.16369279,0.17468432,0.37989038,0.18226025
0.94957334,0.9375231,0.5667435,0.81552863
0.7738557,0.77222186,0.4097657,0.570202
0.07370055,0.1250604,0.5736999,0.18615246
0.0325834,0.05373407,0.7698081,0.0678361
0.49689683,0.4757277,0.3415866,0.53992647
0.13809155,0.28190586,0.5586697,0.21595663
0.5729248,0.5486873,0.39919809,0.5945109
0.21528319,0.23143886,0.35680172,0.24495122
0.5806827,0.5963017,0.39509434,0.60873497
0.23273855,0.31048477,0.45877132,0.20137995
0.450737,0.5638702,0.3217836,0.426275
0.32195503,0.33909944,0.39535624,0.31529322
0.9778899,0.94702137,0.7180637,0.8731848
0.03995345,0.05433126,0.37067902,0.17895249
0.055469356,0.09716504,0.6949016,0.10591268
0.5915438,0.61877316,0.400638,0.57324016
0.22498062,0.35495818,0.4046233,0.24801902
0.056245152,0.14957407,0.5054175,0.13116345
0.29208687,0.34929857,0.18323947,0.34614673
0.10744765,0.20653537,0.4980464,0.14955638
0.025601242,0.036460616,0.49571624,0.143858
0.80876654,0.8090133,0.6307646,0.82295346
0.48991466,0.51436424,0.35116088,0.44790652
0.040729247,0.058539025,0.76943946,0.09267308
0.9084562,0.89343894,0.8466792,0.9681534
0.089604355,0.17165668,0.5113469,0.2428382
0.5318076,0.5185588,0.3488849,0.5069915
0.80256015,0.7931221,0.8064943,0.93453103
0.21916215,0.23384003,0.45420092,0.3166096
0.10395656,0.10252731,0.52213454,0.14530331
0.84949577,0.83695495,0.38489312,0.58532137
0.00814585,0.019803124,0.9203877,0.04623496
0.08068271,0.17286351,0.62429935,0.18464082
0.5961986,0.5872684,0.38172096,0.48825148
0.50737005,0.5063629,0.3465381,0.55933005
0.9565555,0.9347117,0.58379245,0.88592213
0.0162917,0.03865453,0.8441723,0.099618636
0.31148174,0.42176488,0.48827094,0.27850303
0.7948022,0.7853439,0.47091746,0.68819
0.04499612,0.052859124,0.84244186,0.08664267
0.1132661,0.11906962,0.38346747,0.27773178
0.02288596,0.044425253,0.485596,0.08877835
0.8006207,0.78305596,0.62056017,0.7916383
0.73816913,0.7135385,0.49896723,0.6955473
0.59775025,0.5948176,0.39214528,0.5465516
0.08068271,0.13908292,0.49378386,0.16610959
0.24864237,0.40013522,0.38102382,0.29529163
0.753685,0.7239609,0.6643909,0.8220138
0.1613654,0.19761877,0.3552171,0.2661849
0.24786657,0.26693007,0.22840592,0.36459756
0.85492635,0.84128964,0.46874735,0.69392145
0.2734678,0.23417923,0.35275948,0.27885047
0.05663305,0.09625157,0.5682634,0.14798
0.708301,0.67978185,0.39440826,0.4777103
0.13460048,0.31138465,0.51847625,0.23117097
0.9363848,0.94284904,0.5258023,0.7890328
0.26803726,0.43310693,0.31403825,0.3857218
0.0162917,0.020295914,0.4467297,0.19768073
0.44647014,0.48044926,0.25062558,0.44896746
0.047711406,0.06543694,0.70675886,0.13692199
0.27967417,0.2817011,0.28512084,0.34876543
0.69084567,0.6826349,0.4208177,0.44969368
0.07525214,0.12289086,0.3858531,0.23459166
0.43871218,0.46439546,0.1995386,0.44861323
0.5686579,0.5838247,0.37168607,0.5927351
0.5663305,0.5987166,0.24177778,0.5497352
0.70131886,0.6950369,0.4174725,0.5561667
0.24010862,0.2701967,0.4725325,0.24179992
0.015128006,0.041848652,0.84088755,0.0673199
0.08844066,0.102666296,0.57676286,0.16309181
0.3669511,0.37684467,0.35762396,0.37437537
0.8231187,0.8184856,0.4483441,0.7185052
0.47672614,0.48692492,0.3613926,0.48667377
0.21683477,0.23913686,0.4268545,0.23290312
0.7377812,0.70670205,0.4322463,0.6205611
0.905353,0.8942837,0.43412438,0.65466124
0.11714508,0.18806392,0.49500212,0.2762649
0.02909232,0.059821617,0.7055332,0.1650008
0.09891389,0.12969074,0.57512724,0.13660432
0.1792087,0.36977252,0.28037864,0.26071015
0.1474011,0.24290949,0.4506392,0.2507566
0.7583398,0.75725496,0.41596478,0.6941125
0.21955004,0.24243732,0.5988064,0.1573199
0.20597363,0.24293694,0.2909304,0.36671945
0.86307216,0.85317814,0.49835718,0.73437816
0.85143524,0.83807653,0.75158155,0.9554195
0.8157487,0.8312042,0.4761472,0.7947393
0.05934833,0.076385945,0.45777366,0.26172113
0.89720714,0.8930986,0.66592574,0.8731997
0.18153608,0.2601006,0.4460801,0.24431014
0.008533748,0.013146096,0.7654056,0.1417872
0.25795192,0.38515452,0.17416966,0.45718
0.04344453,0.057431187,0.5143472,0.17684647
0.5376261,0.558145,0.3447169,0.46364424
0.84561676,0.8157818,0.67889446,0.9254583
0.058572534,0.061646543,0.703373,0.083251074
0.8211793,0.8043927,0.38853282,0.58783895
0.18386348,0.19084585,0.1903709,0.30511528
0.83979833,0.8299958,0.70149446,0.87157595
0.7893716,0.797849,0.48185217,0.65756154
0.59813815,0.59829456,0.411573,0.6128298
0.018231187,0.027305793,0.7725921,0.10799966
0.005042669,0.017429207,0.7681406,0.2013101
0.81691235,0.8144521,0.46874416,0.76462716
0.8929403,0.89065754,0.69968766,0.8683132
0.047323506,0.08336148,0.70084393,0.1524236
0.085725375,0.103743054,0.476996,0.17440487
0.22924748,0.29051685,0.24467753,0.37987557
0.37897596,0.35832307,0.3240502,0.3630265
0.35880527,0.34834528,0.34355247,0.31436488
0.12296355,0.17914526,0.56829244,0.25178605
0.11171451,0.21607687,0.643341,0.20963502
0.7602793,0.7477971,0.41726217,0.65280783
0.22304113,0.3966345,0.40254545,0.25259337
0.0023273856,0.007525314,0.9183148,0.05884449
0.019782778,0.040906165,0.56047654,0.07784098
0.32932505,0.37358788,0.26213366,0.3431093
0.5865012,0.56255,0.39396593,0.64987534
0.58805275,0.59192514,0.41790545,0.72862315
0.047711406,0.1266237,0.6266133,0.12619463
0.80294806,0.79369885,0.5514993,0.82077193
0.0027152833,0.007742906,0.9183148,0.056042377
0.031807605,0.047004443,0.7010052,0.10448075
0.06128782,0.11104593,0.49778485,0.13533996
0.17688131,0.30658567,0.45738852,0.23868021
0.20480993,0.24389337,0.21246752,0.26747426
0.22187744,0.24644816,0.4576545,0.25013015
0.7032584,0.7130321,0.37587205,0.52135205
0.069433674,0.111137085,0.6986834,0.14391753
0.015128006,0.0332671,0.6893141,0.07189647
0.9728472,0.94233906,0.7713479,0.89294326
0.93522114,0.91723305,0.7707557,0.92221254
0.30333593,0.3212132,0.33620846,0.2823326
0.8324282,0.8312846,0.6230194,0.8303384
0.1605896,0.1662919,0.5333402,0.1889253
0.10512026,0.18732424,0.5509659,0.20751819
0.2792863,0.36509255,0.28570527,0.36270386
0.9662529,0.9563853,0.56921184,0.7821859
0.261443,0.34006047,0.31737486,0.29003155
0.0034910785,0.010221804,0.7634291,0.0900681
0.2889837,0.36876753,0.24481823,0.39510185
0.2090768,0.2379834,0.5493434,0.218351
0.03064391,0.04949332,0.8447552,0.09645638
0.73235065,0.73007154,0.5431746,0.76339597
0.18386348,0.28636855,0.3249453,0.33752248
0.43560898,0.47846842,0.29385477,0.42285445
0.23933284,0.23648126,0.36812943,0.18902405
0.08184639,0.117179886,0.33999017,0.20195119
0.00814585,0.01725354,0.6900551,0.18671809
0.18541504,0.30477133,0.37680966,0.33602238
0.14468582,0.13437532,0.40645474,0.2767638
0.0077579524,0.020652639,0.6892453,0.10507945
0.2276959,0.31351253,0.2897281,0.4033004
0.11636929,0.16013722,0.70580345,0.10427114
0.00077579514,0.0023970937,0.9183148,0.12609534
0.48021722,0.46313414,0.33751574,0.35993633
0.023661755,0.045212038,0.77082473,0.09704773
0.7874321,0.7762883,0.5397463,0.7779059
0.0058184643,0.01582282,0.83979106,0.10293497
0.1303336,0.10439991,0.40643415,0.2988786
0.24864237,0.22952019,0.46609315,0.22353324
0.94957334,0.9295788,0.7341375,0.9437288
0.23235066,0.28823194,0.48868003,0.22890295
0.9344453,0.9143026,0.77428067,0.94303495
0.420481,0.42306626,0.28409106,0.3203882
0.76066715,0.7795482,0.49933225,0.7911845
0.011636929,0.028070983,0.6202985,0.09487756
0.4988363,0.50911874,0.30724576,0.5553732
0.05663305,0.12575172,0.7649527,0.12842911
0.22924748,0.31526557,0.28895876,0.29473972
0.6419705,0.63839406,0.5041664,0.7492498
0.12684253,0.21687359,0.44812223,0.28084728
0.30023274,0.35374114,0.3070209,0.34646243
0.29092318,0.30389616,0.46511787,0.3362077
0.0023273856,0.008724454,0.9183148,0.09807415
0.061675716,0.0786597,0.4695576,0.17324829
0.086501166,0.11674116,0.4154494,0.2367048
0.8076028,0.7955491,0.3767225,0.51381963
0.18890615,0.36930418,0.44347775,0.26037705
0.28975952,0.25325727,0.35889947,0.34041905
0.1295578,0.24204691,0.44851473,0.21119706
0.2587277,0.45568106,0.31098643,0.42858642
0.22924748,0.3053474,0.21159787,0.30578357
0.2110163,0.23130532,0.32130644,0.21450722
0.15244375,0.2099679,0.5285106,0.24630204
0.17028704,0.1713651,0.41217154,0.29407632
0.8421257,0.78513795,0.46050316,0.64541256
0.52482545,0.5272334,0.31111646,0.38103274
0.02909232,0.052739263,0.6256447,0.11813666
0.5159038,0.5142775,0.32449088,0.47926518
0.14391002,0.2038066,0.33236063,0.28917697
0.82079136,0.79559606,0.5258738,0.83566815
0.9340574,0.9492761,0.7254271,0.9673746
0.010861133,0.026048824,0.7002313,0.14839046
0.17106286,0.19766463,0.51604193,0.19372267
0.021722265,0.03196138,0.76617944,0.056705598
0.28122577,0.33816993,0.30246928,0.30713332
0.47633827,0.49779612,0.4218434,0.46774668
0.09891389,0.15220201,0.49981764,0.2268757
0.9538402,0.9319057,0.48434782,0.73467445
0.0038789762,0.011246565,0.7652517,0.12843044
0.21528319,0.2349052,0.38569537,0.3306523
0.82040346,0.80637133,0.45166656,0.63372225
0.07913111,0.12029689,0.4554042,0.2518294
0.21489528,0.42345262,0.35065028,0.29097834
0.027152833,0.03574902,0.76778054,0.06499625
0.27191624,0.31051025,0.26668996,0.28534272
0.9623739,0.93764406,0.50619364,0.7285593
0.02598914,0.04776375,0.5569129,0.1174827
0.011249031,0.022621732,0.68699586,0.09936862
0.48487198,0.5449981,0.25566098,0.53222126
0.31536072,0.30774394,0.4412187,0.20660366
0.5818464,0.56380516,0.48038235,0.3137064
0.03103181,0.08485474,0.6981351,0.077070154
0.42668736,0.5498415,0.26575702,0.3947324
0.21295579,0.24078134,0.42912376,0.2452084
0.7812258,0.7806193,0.36169288,0.48939797
0.7571761,0.738542,0.5834562,0.8295931
0.021722265,0.04266591,0.701862,0.15821396
0.12839411,0.20967098,0.4738757,0.21834907
0.2133437,0.35322765,0.2162892,0.38948542
0.12257565,0.19962361,0.52242094,0.20970254
0.18037239,0.312681,0.28218368,0.30487603
0.27114043,0.28225046,0.50967276,0.27780834
0.89255244,0.89295924,0.7466758,0.9624603
0.09387122,0.20272408,0.48388422,0.17051056
0.0065942593,0.013109478,0.6881982,0.20744719
0.23157488,0.28843006,0.3153458,0.27502927
0.001939488,0.00847384,0.84117585,0.10507945
0.6458495,0.6602198,0.5532047,0.7897443
0.8607448,0.8395215,0.41984847,0.6304806
0.5166796,0.4643205,0.271641,0.6104486
0.07757952,0.07346551,0.5883276,0.16951019
0.97633827,0.9575385,0.5457877,0.8253632
0.6508922,0.65564495,0.39148995,0.5685828
0.147789,0.18784875,0.51038426,0.15054855
0.8983708,0.8894683,0.60519415,0.83383775
0.6989915,0.6977288,0.4160309,0.61634684
0.8320403,0.83012795,0.7199881,0.9009352
0.15593486,0.22054322,0.386806,0.27120444
0.033359196,0.050570406,0.566452,0.10995866
0.49030256,0.5296196,0.30877545,0.5445577
0.034522887,0.057662383,0.5616847,0.13234062
0.47323507,0.47441778,0.41345462,0.25951183
0.3688906,0.4375189,0.207428,0.41945234
0.69627625,0.7336052,0.49940866,0.61749405
0.027928628,0.04556324,0.84418684,0.08438466
0.7571761,0.7328945,0.46673515,0.70724344
0.06788208,0.07298535,0.6248069,0.17224306
0.75058186,0.7416203,0.43086293,0.64133406
0.12063616,0.16598749,0.57730395,0.18565312
0.07447634,0.15404673,0.68797034,0.14738168
0.58456165,0.6051666,0.356732,0.5317811
0.13304889,0.2654523,0.50482714,0.15852877
0.60822344,0.599611,0.35119614,0.52799237
0.0325834,0.035214685,0.51715434,0.20387699
0.39371604,0.4292901,0.43230498,0.3780624
0.87276965,0.8700823,0.4681505,0.72995263
0.08378589,0.09988089,0.5642219,0.1424934
0.0015515903,0.005469165,0.8386716,0.2101589
0.39294025,0.4006957,0.25656992,0.38734534
0.83979833,0.82955426,0.45199502,0.69951385
0.6660202,0.63473356,0.35803962,0.47919363
0.52404964,0.55146694,0.21143208,0.49425888
0.0969744,0.14774396,0.5816753,0.19996166
0.7571761,0.7439577,0.54464287,0.77581805
0.101241276,0.13068837,0.5700892,0.25534979
0.6536074,0.645529,0.4158829,0.6450051
0.00814585,0.012701283,0.6912286,0.16740243
0.047711406,0.060993217,0.5628757,0.14950296
0.23778124,0.27040115,0.45545042,0.25921687
0.027928628,0.043508146,0.7052825,0.17533258
0.022110164,0.054086734,0.92017305,0.076182604
0.46043444,0.49045357,0.39057398,0.5131187
0.0325834,0.05471194,0.6994318,0.10500592
0.117532976,0.23043153,0.5963878,0.27701998
0.24825448,0.21049727,0.41704792,0.26160023
0.12839411,0.13677515,0.46709663,0.3014591
0.18308768,0.22417267,0.46715525,0.26571092
0.8875097,0.85829914,0.6747914,0.8800843
0.44414276,0.45946115,0.37030882,0.42064157
0.98913884,1.0,0.6209328,0.82235676
0.306827,0.31706277,0.41444847,0.3116993
0.10395656,0.21319862,0.57467234,0.18373485
0.68269974,0.70842576,0.41917643,0.51453745
0.18813033,0.29109785,0.41652903,0.23606822
0.0077579524,0.018839862,0.84249777,0.057316065
0.0023273856,0.008724454,0.76107067,0.22066686
0.56749415,0.58559656,0.27756864,0.49956167
0.21450737,0.4198787,0.33180204,0.36355
0.6074476,0.6091635,0.391954,0.51617813
0.5861133,0.571781,0.4621315,0.38395807
0.26377037,0.38697994,0.37468794,0.31638616
0.70907676,0.7044399,0.44957128,0.6851357
0.012412724,0.031140331,0.76895833,0.14410897
0.036074474,0.09441793,0.76688725,0.0725596
0.28820792,0.30586877,0.41420212,0.29633242
0.023273857,0.060964663,0.76749927,0.071418904
0.80294806,0.7941071,0.3915442,0.57931876
0.07447634,0.15187792,0.69958663,0.1658711
0.7540729,0.7266397,0.46381545,0.6303317
0.31691232,0.2962638,0.51070994,0.28124404
0.57408845,0.56409246,0.39327535,0.48569015
0.07680373,0.11853699,0.5768124,0.16799921
0.43056634,0.45320785,0.34596458,0.4262455
0.004266874,0.010266005,0.76107067,0.07705826
0.10395656,0.2235262,0.43056807,0.2232652
0.13498837,0.22614135,0.46175903,0.25637022
0.11559349,0.25287852,0.5795438,0.16634609
0.03103181,0.04647958,0.70454186,0.12551425
0.7117921,0.716369,0.5506963,0.7343802
0.058572534,0.07392684,0.6330549,0.13949008
0.25484875,0.4613853,0.27076447,0.3648127
0.84057415,0.8332084,0.4646866,0.74200255
0.24709077,0.25677824,0.43724453,0.20862198
0.65865016,0.6680093,0.40129364,0.6201228
0.041117147,0.05353004,0.44152257,0.14129356
0.5612878,0.5277444,0.32912216,0.4950997
0.7486424,0.7226487,0.4963823,0.81191134
0.0484872,0.044168692,0.5653171,0.12874378
0.3564779,0.47335327,0.2002481,0.36454967
0.0965865,0.17249359,0.6359814,0.18910655
0.45888284,0.44215086,0.30167082,0.49788356
0.15632275,0.19765545,0.5439975,0.20304054
0.07796743,0.12533736,0.62193036,0.15562415
0.94336694,0.94374526,0.592755,0.7862132
0.20985262,0.21276684,0.40875205,0.22605728
0.757564,0.7811378,0.5407902,0.78852457
0.57020944,0.6094446,0.33201608,0.5949898
0.33591932,0.36292997,0.15263057,0.45221657
0.9771141,0.9546471,0.48912832,0.7420327
0.0023273856,0.006181417,0.8386716,0.08826674
0.006982157,0.012850884,0.84129596,0.1178268
0.22110163,0.3219606,0.4231759,0.217919
0.005042669,0.01292518,0.6904017,0.103375465
0.009309542,0.019459907,0.5531041,0.10251654
0.8153608,0.82437664,0.56506526,0.83878857
0.12606673,0.30195913,0.43121532,0.23944873
0.8153608,0.80973387,0.5601072,0.8121629
0.28355315,0.39469108,0.38305518,0.24491856
0.7459271,0.73117626,0.41283044,0.5688969
0.8320403,0.8315189,0.6299429,0.8412149
0.24903028,0.24219963,0.44125608,0.17098932
0.040729247,0.06398813,0.6984707,0.14917529
0.14235842,0.2977784,0.6266907,0.22786786
0.0027152833,0.0064279814,0.6160794,0.3922966
0.0977502,0.1397839,0.44121173,0.20572534
0.043832425,0.06720414,0.590066,0.24236947
0.34484097,0.37087503,0.31983617,0.31524634
0.25290924,0.34626916,0.421006,0.2560639
0.07913111,0.11055133,0.49757767,0.13483961
0.5791311,0.5954794,0.3363572,0.5579512
0.02288596,0.051548574,0.69589084,0.051916435
0.005042669,0.018730279,0.9199826,0.07499788
0.03995345,0.059918463,0.5612438,0.15482959
0.15050428,0.15459985,0.52408624,0.19208929
0.058572534,0.06705639,0.5741559,0.1457271
0.77307993,0.76749104,0.3849933,0.52006346
0.5837859,0.6022778,0.35034338,0.5675004
0.08611327,0.1292794,0.5925605,0.16431028
0.8537626,0.8446988,0.6394228,0.86592066
0.058572534,0.08673258,0.4380067,0.16621527
0.39449185,0.4069588,0.36864713,0.41468063
0.17416604,0.27735698,0.43915495,0.25761455
0.1633049,0.22986564,0.35690168,0.17743312
0.09309543,0.17658919,0.5778516,0.18957564
0.3176881,0.36359248,0.3067475,0.38139358
0.008533748,0.034688953,0.8419082,0.067732744
0.02754073,0.056823906,0.69944006,0.1668218
0.9565555,0.93755835,0.61980724,0.8698057
0.6280062,0.6123547,0.399101,0.62403834
0.9480217,0.9445887,0.5559633,0.8182899
0.018231187,0.03918905,0.7699904,0.10109136
0.21838637,0.2337882,0.45453593,0.18840253
0.25407293,0.3392879,0.2777564,0.36803502
0.5690458,0.5732657,0.38177645,0.55844843
0.49573314,0.49045733,0.3615243,0.4593036
0.47750193,0.48559463,0.38575003,0.49317673
0.8533748,0.80770594,0.68751884,0.82975096
0.18813033,0.2724013,0.33202556,0.30368167
0.10938713,0.2011136,0.45435524,0.2698623
0.3584174,0.3466418,0.37753183,0.34620076
0.94297904,0.92695636,0.79364705,0.90605456
0.017067496,0.04464226,0.8407508,0.048273157
0.4681924,0.4446837,0.37538335,0.5212081
0.21295579,0.2488699,0.357059,0.27754322
0.115981385,0.15039113,0.29246384,0.20987813
0.029868115,0.035325292,0.6961916,0.11741529
0.025213346,0.062200047,0.7009453,0.13785653
0.004266874,0.011246565,0.6178851,0.2311748
0.6609775,0.6163966,0.45389843,0.75196296
0.07602793,0.1544131,0.53179586,0.2537416
0.7804499,0.78515667,0.43324396,0.66856986
0.15632275,0.2417587,0.34565514,0.31832162
0.36074474,0.37844896,0.2855009,0.40197468
0.53840184,0.5559311,0.34783134,0.40385953
0.013964314,0.042930745,0.7067156,0.14811198
0.7773468,0.77955216,0.4760761,0.7900218
0.014352212,0.021054022,0.50362015,0.28968963
0.033747092,0.064387135,0.69455504,0.13452981
0.46159813,0.5164498,0.33545345,0.46913123
0.4988363,0.48416483,0.29935884,0.48625818
0.3878976,0.36058396,0.4027131,0.37862042
0.7024825,0.67310363,0.4726524,0.6816879
0.00969744,0.020879224,0.6894746,0.10756164
0.7862684,0.774075,0.5911592,0.7895953
0.026377037,0.08078493,0.76819736,0.07325896
0.058960434,0.10621821,0.5659818,0.1376748
0.22498062,0.38616306,0.28117025,0.33359718
0.2435997,0.25318778,0.50022566,0.19605434
0.5352987,0.54027563,0.24431257,0.4833013
0.4860357,0.5038299,0.38427696,0.38858846
0.2629946,0.29842895,0.2839149,0.27294806
0.15826222,0.2723322,0.45050296,0.29465333
0.015903803,0.018675284,0.7653135,0.06906367
0.08184639,0.1471861,0.5156032,0.20839787
0.26726145,0.32953814,0.27969277,0.453855
0.004654771,0.0129991425,0.6908262,0.25219068
0.89138865,0.8799922,0.4886836,0.6848574
0.708689,0.6916711,0.3935473,0.5916792
0.58766484,0.57730615,0.30424964,0.61137474
0.34096196,0.35562855,0.42112577,0.295928
0.24282391,0.31730065,0.35142478,0.31050137
0.64895266,0.62664515,0.37639672,0.58403933
0.022110164,0.03235636,0.70236486,0.1308447
0.0023273856,0.012663669,0.8410669,0.08826674
0.036462374,0.06656746,0.7069808,0.17924727
0.11171451,0.17027174,0.5909688,0.19054407
0.549263,0.557472,0.3263228,0.6582958
0.77114046,0.7740607,0.5930251,0.8414469
0.88285494,0.8631811,0.47573236,0.66127825
0.017067496,0.036659446,0.6194249,0.0817514
0.020946471,0.04231935,0.84246933,0.06298405
0.1943367,0.2979029,0.29549375,0.3633172
0.291699,0.315088,0.27098256,0.27280045
0.0011636928,0.0031594997,0.8386716,0.25219068
0.008921645,0.019192388,0.76709515,0.095874146
0.3378588,0.3927413,0.36021125,0.35270846
0.46121025,0.47442675,0.29683402,0.43529093
0.98525995,0.98076135,0.52428406,0.8246766
0.2133437,0.24732748,0.26334098,0.3514439
0.76532197,0.77933526,0.47667956,0.7748512
0.70015514,0.67282987,0.49725306,0.7584805
0.23739333,0.2774971,0.4646479,0.20272653
0.30527538,0.29415113,0.33365193,0.32700548
0.00077579514,0.0043973164,0.8427559,0.12609534
0.14003104,0.15622847,0.4969834,0.25177836
0.7835532,0.7839074,0.4367788,0.6433921
0.95539176,0.9578688,0.407804,0.62566245
0.6644686,0.66370827,0.40331343,0.6158306
0.1466253,0.23586544,0.6315512,0.22893913
0.20597363,0.2550927,0.40490112,0.27913025
0.64041895,0.6242759,0.45135343,0.71082026
0.50426686,0.49714646,0.34701788,0.52233976
0.024825448,0.07168996,0.6276663,0.08294697
0.15554693,0.26975143,0.4983188,0.23139153
0.4813809,0.49553773,0.38016146,0.4533302
0.15554693,0.31217283,0.36893204,0.24797274
0.24747868,0.2616105,0.37538084,0.24776033
0.609775,0.61281216,0.39681193,0.6286934
0.020558573,0.031857625,0.6945919,0.09670013
0.07137316,0.2050192,0.63623714,0.15865622
0.3366951,0.32526076,0.5168688,0.27776623
0.03685027,0.13441989,0.62871015,0.059932746
0.5950349,0.6046407,0.38738734,0.55526024
0.58766484,0.58914834,0.3551739,0.51067555
0.41737783,0.415469,0.42384684,0.39939496
0.2808379,0.28011587,0.557246,0.22404827
0.5961986,0.57585204,0.3961616,0.42508784
0.6602017,0.64877063,0.3377115,0.42818663
0.11016292,0.16320421,0.57947826,0.1890239
0.875097,0.86764884,0.77144104,0.9525672
0.48991466,0.4966276,0.3547751,0.44038117
0.012024826,0.02857102,0.92040443,0.04781597
0.78549266,0.7734607,0.7365742,0.901392
0.013964314,0.026296223,0.6236791,0.12724166
0.102017075,0.16338482,0.5240008,0.23040824
0.071761064,0.094993435,0.63359815,0.097172365
0.12916991,0.22230396,0.5022793,0.2680231
0.52482545,0.515124,0.42932314,0.375426
0.07098526,0.108309574,0.7060135,0.14057352
0.07641584,0.19208841,0.49661073,0.15288061
0.8553142,0.81854546,0.71210223,0.98593926
0.7754073,0.7818229,0.5061335,0.71736026
0.7816137,0.758707,0.4244267,0.601789
0.5407292,0.5526297,0.3261056,0.57026625
0.3176881,0.49188384,0.28814346,0.38167205
0.78083783,0.7713981,0.4678764,0.691953
0.8013965,0.77448714,0.4174168,0.6259186
0.035298683,0.06383333,0.50258386,0.21829408
0.22924748,0.2193626,0.44065803,0.26738685
0.011636929,0.024779594,0.61660063,0.092629276
0.44259113,0.41805995,0.3595147,0.5494636
0.14856479,0.34674194,0.57010645,0.21751225
0.21024051,0.38610935,0.22316869,0.39091787
0.6322731,0.63856846,0.38454875,0.5275712
0.8378588,0.8172803,0.61010206,0.86230147
0.8444531,0.8431158,0.6062083,0.8522444
0.07951901,0.122286476,0.5021346,0.22623019
0.064391,0.104479596,0.69896096,0.15231438
0.94918543,0.9342683,0.6201905,0.85988474
0.017455393,0.03394386,0.841248,0.12084137
0.4181536,0.58092517,0.17095162,0.5015467
0.23545384,0.4169245,0.51984626,0.25100455
0.017067496,0.026643248,0.9196967,0.06247967
0.5333592,0.5421506,0.38797718,0.5988173
0.35996896,0.35069066,0.26809886,0.3888745
0.07602793,0.15396477,0.6948821,0.18194295
0.070209466,0.102857105,0.63372153,0.15129052
0.012412724,0.018145936,0.62470216,0.15519427
0.006206362,0.017076386,0.8412201,0.102077186
0.28704423,0.49949056,0.17684062,0.4474588
0.45733127,0.48300156,0.34035093,0.45168045
0.100465484,0.20173474,0.6999222,0.1799377
0.6702871,0.6511782,0.5293884,0.6460416
0.103568666,0.25636438,0.62823135,0.16898674
0.4045772,0.48196223,0.24326937,0.39374447
0.91582626,0.92354625,0.67085445,0.87925804
0.065166794,0.093358204,0.5876629,0.19518586
0.03723817,0.04622125,0.62984645,0.11358095
0.0011636928,0.0077966605,0.9183148,0.08406356
0.8607448,0.8751314,0.41911557,0.5908933
0.11016292,0.16218323,0.6383956,0.1659052
0.39371604,0.48815778,0.35207984,0.33209866
0.27967417,0.25669786,0.42367634,0.28260893
0.16795968,0.20124277,0.38039494,0.25316334
0.1132661,0.27064803,0.4462868,0.20995277
0.018231187,0.023923315,0.9200972,0.05867803
0.0073700543,0.025123525,0.76562744,0.10371478
0.5515904,0.52375597,0.33369473,0.54331464
0.81768817,0.8079675,0.47898352,0.74828094
0.006206362,0.014918236,0.6236526,0.18439749
0.041117147,0.046122484,0.45777056,0.13331221
0.33010086,0.31514397,0.33709785,0.2698069
0.38440654,0.4204595,0.36185423,0.49962837
0.118308775,0.113671325,0.64443713,0.1327342
0.74747866,0.7648289,0.61141,0.70936793
0.086501166,0.09730532,0.5890643,0.18830238
0.916602,0.88199985,0.5312353,0.68648714
0.859969,0.8602504,0.629743,0.79685366
0.41543832,0.51609,0.31204927,0.3829328
0.11093872,0.1549533,0.5001602,0.16968586
0.13110939,0.13931124,0.2977955,0.38029736
0.61171454,0.60958916,0.41464272,0.6241502
0.26570985,0.3558426,0.34759322,0.2809073
0.65438324,0.63556015,0.39096642,0.5739195
0.006982157,0.0119711645,0.42344072,0.42279026
0.12529093,0.17572677,0.5104702,0.20705657
0.71489525,0.7060728,0.3901746,0.47329962
0.00814585,0.017919168,0.5532824,0.10440152
0.050038792,0.1078801,0.77043766,0.12511057
0.13537626,0.15415595,0.41472766,0.24411286
0.0104732355,0.02445334,0.5518392,0.082321316
0.9499612,0.93085194,0.4197852,0.5948897
0.046159815,0.13769235,0.6946627,0.101284824
0.3584174,0.39830983,0.37659606,0.30461067
0.5372382,0.5394876,0.38642842,0.5088522
0.23079908,0.27462822,0.40509427,0.31963694
0.10667185,0.19675167,0.44123903,0.26687402
0.19045773,0.26646343,0.40612793,0.27564615
0.51900697,0.53091747,0.35572106,0.48384297
0.9716835,0.9438427,0.4660591,0.708178
0.004654771,0.016807785,0.9183148,0.058544267
0.24941817,0.24360734,0.4282328,0.29857317
0.2090768,0.24388592,0.23573175,0.3612618
0.8196276,0.79896164,0.5746475,0.75589615
0.085725375,0.14602305,0.56388474,0.16465692
0.22498062,0.39644843,0.42379862,0.27324387
0.45888284,0.46166316,0.4097124,0.2779927
0.47207135,0.48567134,0.2831329,0.5485856
0.13847944,0.18696624,0.42983404,0.28013736
0.0054305666,0.01521372,0.5474754,0.22066686
0.63498837,0.60793006,0.33316404,0.47300676
0.68269974,0.67593944,0.3591759,0.5501057
0.20480993,0.27559736,0.27313313,0.30795816
0.6912335,0.71290505,0.47812614,0.73944294
0.23235066,0.27640274,0.41658872,0.264511
0.015903803,0.03456042,0.6206036,0.06051733
0.47944143,0.48220167,0.3210689,0.43662176
0.8460047,0.8407869,0.6565486,0.8973836
0.0810706,0.119194895,0.71010315,0.13267943
0.15205586,0.35041788,0.4821395,0.23498505
0.3374709,0.32613522,0.36085808,0.24469833
0.15244375,0.22038122,0.54937977,0.23330532
0.5170675,0.5305213,0.35979855,0.5111951
0.564391,0.54912835,0.3242738,0.42910042
0.12723042,0.2921108,0.55219185,0.1777325
0.047711406,0.07643974,0.6329416,0.123758435
0.24398759,0.35001096,0.39863205,0.25516167
0.013188519,0.030749284,0.77409613,0.07766742
0.5290923,0.5081553,0.3393309,0.5189613
0.731187,0.7214691,0.41059703,0.5911791
0.024049653,0.064296655,0.55981827,0.1280625
0.17300233,0.27750805,0.16490449,0.25649035
0.46004656,0.50443953,0.3225636,0.55426943
0.85453844,0.86021477,0.44436517,0.6754627
0.05275407,0.07033036,0.45044106,0.22542778
0.021722265,0.025882743,0.7003868,0.12445775
0.43910006,0.4349601,0.381662,0.48993123
0.86617535,0.8963375,0.39797685,0.56862956
0.81923974,0.793962,0.7193128,0.8914661
0.09193174,0.22115721,0.5640871,0.15792997
0.0973623,0.18537454,0.42659274,0.19363396
0.0038789762,0.015408168,0.8408847,0.06421522
0.7482544,0.7336052,0.5796161,0.79362124
0.2106284,0.28094956,0.29566762,0.38143936
0.050038792,0.06919909,0.7056246,0.07091277
0.7373934,0.7173274,0.42114496,0.6169044
0.38944918,0.38046488,0.50715494,0.26419303
0.099689685,0.1431925,0.5643959,0.17070681
0.088828556,0.14463528,0.70325327,0.12801051
0.52172226,0.5210266,0.41360205,0.31547448
0.1605896,0.20824987,0.34326032,0.27962056
0.26105508,0.28961173,0.415367,0.33264184
0.2734678,0.26712784,0.5498626,0.21066682
0.12839411,0.18389733,0.3338521,0.2924871
0.20713733,0.35317764,0.24288318,0.38665825
0.4235842,0.43229458,0.42439044,0.38086885
0.047711406,0.14986293,0.49689275,0.100292355
0.3374709,0.34915206,0.45628992,0.323907
0.07525214,0.10311675,0.5848194,0.15730731
0.31652445,0.37670395,0.1940424,0.35760754
0.15593486,0.16590767,0.36966747,0.12878543
0.5973623,0.58397025,0.4211778,0.47051057
0.40535298,0.39533788,0.3917846,0.28377113
0.3553142,0.44012806,0.25738767,0.37175444
0.0065942593,0.011328803,0.6872675,0.14290805
0.8704422,0.8526127,0.42291406,0.62581086
0.062063616,0.09797349,0.703535,0.20222986
0.0015515903,0.005469165,0.8409969,0.2101589
0.100465484,0.12024227,0.51620376,0.13731904
0.5197828,0.502617,0.31876308,0.3878432
0.35182312,0.425554,0.20058745,0.48798248
0.041505042,0.058923613,0.637251,0.103609055
0.8138092,0.78329456,0.504393,0.7804534
0.9181536,0.90655255,0.46135,0.7285793
0.21877426,0.29616943,0.57766074,0.22310436
0.13731577,0.21601243,0.6335023,0.20084159
0.99689686,0.9658975,0.50871104,0.7374345
0.21411948,0.39007443,0.26810703,0.35196286
0.371218,0.3879162,0.3205851,0.37681136
0.2788984,0.29387617,0.31627753,0.27051336
0.20713733,0.33022633,0.33843228,0.39285675
0.9806051,0.9620725,0.5029365,0.758721
0.023273857,0.049156595,0.6347715,0.1337707
0.75640035,0.7318894,0.47497055,0.7391641
0.8595811,0.8606094,0.4752992,0.7745158
0.17494182,0.26958254,0.37915346,0.30148706
0.36190847,0.3515684,0.2845953,0.31881532
0.28394106,0.3574788,0.27011204,0.3071614
0.18231188,0.2021089,0.14950131,0.1937646
0.21761055,0.39837566,0.2626474,0.37386066
0.06128782,0.09712231,0.7019147,0.14922589
0.58456165,0.57471573,0.3533923,0.6462322
0.004654771,0.015375897,0.84138995,0.102452464
0.006206362,0.014140866,0.68956923,0.11665964
0.41388676,0.3796309,0.30961716,0.37099987
0.14041895,0.20914821,0.3891573,0.14054732
0.0147401085,0.056148782,0.7159804,0.07945293
0.6233514,0.6144442,0.38842955,0.65648293
0.37703645,0.44312027,0.16853459,0.3849905
0.54305667,0.5598928,0.40088388,0.37494376
0.814585,0.8081275,0.48146605,0.7352762
0.11016292,0.11912977,0.52158093,0.20969258
0.6474011,0.61244464,0.41337043,0.6473
0.01939488,0.034672912,0.56327504,0.20852344
0.038013965,0.05471194,0.7675794,0.107540175
0.12684253,0.25017273,0.43701455,0.1891007
0.93522114,0.90493107,0.7236559,0.88130075
0.07680373,0.07833766,0.42434508,0.25692463
0.5865012,0.6039129,0.39025697,0.49612126
0.26221877,0.32170725,0.3971519,0.29509294
0.583398,0.58382154,0.40014365,0.5539627
0.012024826,0.029437218,0.6879405,0.12948921
0.24903028,0.3854093,0.2763031,0.3469917
0.0965865,0.11663379,0.36700475,0.3065946
0.5581846,0.54551387,0.37548575,0.6539273
0.8421257,0.805774,0.793326,0.920161
0.32467028,0.33994585,0.34990373,0.35480365
0.08184639,0.18734682,0.76228195,0.12128536
0.20248255,0.44551477,0.35170832,0.3747038
0.12141196,0.15652838,0.3263295,0.21379606
0.6268425,0.6388224,0.4029548,0.37316975
0.14158262,0.16921775,0.43249747,0.2109326
0.8320403,0.8067283,0.70007217,0.83671844
0.8708301,0.86987656,0.4738578,0.6800349
0.76221883,0.74976575,0.51686716,0.67896885
0.25484875,0.2656763,0.34745643,0.31998363
0.16175331,0.17171635,0.5429376,0.21140327
0.117532976,0.118229434,0.5306413,0.19111618
0.3386346,0.37737802,0.3036102,0.33360726
0.77424365,0.78366196,0.6268083,0.8863476
0.031419706,0.041726828,0.6995616,0.07195234
0.5201707,0.5175821,0.3812483,0.4636305
0.2110163,0.40534297,0.33036363,0.30749598
0.4072925,0.41667572,0.4446793,0.3586553
0.46314973,0.44457665,0.33285612,0.4116878
0.45422807,0.4719708,0.32463634,0.446305
0.8525989,0.83345395,0.4657229,0.69734627
0.75678825,0.7648962,0.52120274,0.84223497
0.06322731,0.12798162,0.76300216,0.11028598
0.053917766,0.08210082,0.4535837,0.16510667
0.19006982,0.2608438,0.5752231,0.17466536
0.1807603,0.21675915,0.38123152,0.23510616
0.31691232,0.31118336,0.32719475,0.32441092
0.8355315,0.8150349,0.5502822,0.7756895
0.2591156,0.3289817,0.28582144,0.37289897
0.81652445,0.80010563,0.54991287,0.82151324
0.09348333,0.1092999,0.5077317,0.20887676
0.7979054,0.7785072,0.59774053,0.8144001
0.12179985,0.1563362,0.5947529,0.13507581
0.5927076,0.57250994,0.364415,0.46724662
0.03878976,0.050251827,0.641519,0.1795774
0.7715283,0.7593243,0.5583082,0.81624186
0.19084562,0.2689715,0.32837367,0.3811808
0.9239721,0.91790044,0.47581983,0.69085056
0.009309542,0.024930572,0.69274175,0.1115888
0.038013965,0.05959831,0.38189304,0.17592423
0.7862684,0.78296053,0.45620885,0.66970956
0.34484097,0.4003988,0.45867035,0.32520992
0.34328938,0.34109914,0.5219003,0.29502237
0.05663305,0.09337723,0.63000613,0.15409738
0.07408845,0.14219178,0.49509597,0.18267237
0.9701319,0.94224995,0.5852466,0.85714173
0.0034910785,0.010221804,0.9183148,0.07880959
0.3397983,0.35417137,0.3870818,0.41269618
0.69511247,0.6664939,0.3889026,0.5950408
0.8060512,0.7795176,0.42987218,0.6341201
0.25407293,0.30132014,0.46774662,0.3653843
0.103568666,0.14267619,0.41268215,0.19047663
0.40147403,0.42872825,0.444212,0.29843065
0.20442204,0.3846445,0.44439057,0.32569188
0.3044996,0.31180432,0.39849195,0.26178008
0.23312648,0.32352176,0.29892486,0.35421556
0.28277737,0.4026967,0.16924924,0.40738815
0.008921645,0.01725354,0.69117635,0.15065937
0.86695117,0.85345894,0.6981244,0.9684553
0.42862684,0.43966883,0.38278228,0.49586174
0.6799845,0.6667417,0.37484494,0.45943347
0.651668,0.67224467,0.45341277,0.6593481
0.46431342,0.47857434,0.38997343,0.40321258
0.76532197,0.7586521,0.5890482,0.9154732
0.6609775,0.66227365,0.41809446,0.6293914
0.12373934,0.27936888,0.4314695,0.25123575
0.053917766,0.19475813,0.6229782,0.09859432
0.0011636928,0.0031594997,0.76107067,0.16812712
0.2280838,0.4273597,0.32536036,0.37068883
0.7401086,0.76770335,0.48549297,0.74767476
0.06788208,0.087336406,0.25745428,0.2104322
0.065166794,0.13895354,0.6283519,0.1132656
0.027152833,0.053108938,0.6949422,0.07355562
0.1792087,0.37015134,0.3101477,0.28212786
0.19084562,0.2327102,0.21790153,0.31642026
0.89681923,0.89423573,0.5949758,0.7579191
0.41388676,0.41239035,0.29917896,0.43387836
0.09270754,0.1909344,0.5063768,0.25335675
0.64080685,0.6433421,0.36302727,0.5672166
0.8758728,0.8521533,0.6637583,0.912264
0.7075252,0.67934227,0.39768922,0.536823
0.15787433,0.18906276,0.47480142,0.19621134
0.42242047,0.45952493,0.2597716,0.43664688
0.1613654,0.25618446,0.3356264,0.26362488
0.12296355,0.22920063,0.38302055,0.27101547
0.22381692,0.3688617,0.39163846,0.29505053
0.32738557,0.3426291,0.37471178,0.3534349
0.02443755,0.04565065,0.63125837,0.15024126
0.24864237,0.36937842,0.23747998,0.38934413
0.17455393,0.20665829,0.60694575,0.24045411
0.5058185,0.49412414,0.40672183,0.43185964
0.58029485,0.57066554,0.36030543,0.6125747
0.04499612,0.06059229,0.5176802,0.22928268
0.6249031,0.59437835,0.4298641,0.64770406
0.0058184643,0.011773295,0.68839955,0.20175256
0.44453064,0.49913448,0.34879446,0.43157354
0.4162141,0.41731504,0.4097489,0.32094824
0.34600466,0.40869373,0.22932975,0.33790866
0.5961986,0.5747274,0.3502906,0.4545916
0.7435997,0.7313906,0.6306432,0.8593822
0.41543832,0.46332923,0.27862415,0.4295408
0.8436773,0.8238793,0.66045606,0.87314993
0.84561676,0.8256377,0.7387823,0.9542347
0.09464702,0.15113631,0.57663476,0.17359817
0.0977502,0.100177616,0.5307505,0.19176888
0.19899148,0.19308873,0.44066656,0.19597241
0.20287044,0.26452914,0.31763557,0.24628808
0.21955004,0.2678677,0.30305648,0.2778128
0.291699,0.26559633,0.49427837,0.2881935
0.3374709,0.31642127,0.47199756,0.24367616
0.5228859,0.5213702,0.3794271,0.3750161
0.13460048,0.22936179,0.3727362,0.35125187
0.4988363,0.50671154,0.3426747,0.5211408
0.8603569,0.8524661,0.42155173,0.64063764
0.068657875,0.12989363,0.69751984,0.12364643
0.13615206,0.2544426,0.5579661,0.1796551
0.0162917,0.037295222,0.6909972,0.074567184
0.17571762,0.3226365,0.45286235,0.22606675
0.12451514,0.27228314,0.3720115,0.28410208
0.09581071,0.14299962,0.44710782,0.2557309
0.571761,0.5637574,0.29645175,0.43639755
0.5333592,0.5217756,0.36156195,0.479911
0.6989915,0.6687135,0.5374373,0.713331
0.7587277,0.77417076,0.5547687,0.774448
0.5345229,0.5353349,0.40941152,0.32834026
0.02598914,0.05070637,0.5613532,0.081074
0.19976726,0.3439187,0.4513795,0.2619126
0.09425913,0.13277905,0.45039296,0.21625724
0.12684253,0.18203098,0.45008114,0.29686293
0.45771918,0.45441994,0.40488195,0.4388995
0.02598914,0.04254624,0.62415665,0.11480623
0.7397207,0.7374077,0.50812745,0.73378974
0.02443755,0.036121875,0.5587691,0.075657204
0.20636153,0.3339126,0.4670633,0.23354687
0.6217998,0.61224884,0.39327437,0.6478941
0.61171454,0.6113869,0.38948354,0.59597015
0.7660977,0.7276873,0.40939003,0.5928969
0.0034910785,0.008009202,0.8386716,0.06755108
0.13537626,0.2229349,0.43170187,0.23862158
0.88285494,0.857003,0.56186646,0.8038219
0.119860366,0.33617833,0.48700154,0.21505311
0.10783554,0.17567874,0.5159556,0.1803335
0.2905353,0.5208882,0.29509872,0.3164806
0.3405741,0.43832722,0.30184466,0.39319432
0.18929404,0.1895029,0.23857988,0.29467443
0.17145075,0.17887913,0.64756215,0.16432543
0.07951901,0.1642813,0.628068,0.22502561
0.5027153,0.477482,0.30692366,0.54916924
0.0058184643,0.014312715,1.0,0.04203178
0.95073706,0.93435746,0.5716895,0.830003
0.7028705,0.688729,0.56992054,0.80785
0.4235842,0.4300811,0.42990178,0.3842823
0.088828556,0.13889313,0.57270235,0.10470176
0.0162917,0.038318824,0.42578778,0.15121393
0.119860366,0.2553423,0.63228697,0.19674669
0.53568655,0.5321329,0.39860088,0.53599674
0.14235842,0.21264738,0.3304046,0.30898347
0.5224981,0.49572882,0.34024802,0.59590125
0.44685805,0.44965807,0.26589298,0.40496266
0.0814585,0.18872719,0.55302274,0.119509
0.37975174,0.3510899,0.38643506,0.35902894
0.47168347,0.48077077,0.45904538,0.37853515
0.0015515903,0.003762811,0.6855118,0.2101589
0.5182312,0.5122238,0.38743046,0.3962554
0.4988363,0.5182028,0.18574643,0.49040595
0.5058185,0.54789233,0.308564,0.50115836
0.17300233,0.2862327,0.3882159,0.2286493
0.0104732355,0.016197905,0.6235873,0.098683305
0.26842514,0.37727785,0.30062404,0.36481202
0.12645462,0.31887287,0.4981861,0.20673026
0.24088441,0.3131844,0.37249592,0.26066533
0.10512026,0.28598,0.62264526,0.13951038
0.03723817,0.06828982,0.7033624,0.12815978
0.9406517,0.92011166,0.56204414,0.7692777
0.021334367,0.044744045,0.50134337,0.15485393
0.020558573,0.032645535,0.92036647,0.04364839
0.26687357,0.5930885,0.18861422,0.40592474
0.011636929,0.03908844,0.8407962,0.06716419
0.47711405,0.4619976,0.3890435,0.41135517
0.88673395,0.87659526,0.65715283,0.853739
0.8246703,0.82117456,0.39390123,0.510891
0.14119473,0.1611186,0.4962041,0.23121656
0.306827,0.31759197,0.45142132,0.31400383
0.84522885,0.8287096,0.41903505,0.6386797
0.033747092,0.058972746,0.63632137,0.14126222
0.19006982,0.2916881,0.46281764,0.3249494
0.41078356,0.6582571,0.22070444,0.41529375
0.85453844,0.8385267,0.50349927,0.7661699
0.24864237,0.32192847,0.19445585,0.40647185
0.66873544,0.6837093,0.40196893,0.6358842
0.70907676,0.68791527,0.45570678,0.70548385
0.24941817,0.48322153,0.3593959,0.31729725
0.24553919,0.2252882,0.35781708,0.2895941
0.18619086,0.3237925,0.3250187,0.27182907
0.34949574,0.36732545,0.43130064,0.34148386
0.3972071,0.470461,0.27168936,0.46074733
0.003103181,0.010132976,0.76107067,0.16812712
0.1128782,0.25356367,0.48662096,0.22199929
0.0027152833,0.009998652,0.76455766,0.23537797
0.44840962,0.44070596,0.46176785,0.3978343
0.5314197,0.54033446,0.41221535,0.49053705
0.32893717,0.3647586,0.25715968,0.3928452
0.20985262,0.22945419,0.37241796,0.28383407
0.36811483,0.38024375,0.42355183,0.19547372
0.10085338,0.13214162,0.578487,0.1543774
0.07214896,0.13641977,0.48073342,0.17252176
0.055469356,0.11484546,0.37774542,0.12252525
0.62529093,0.63745207,0.3585269,0.56479615
0.018231187,0.03885757,0.76552993,0.11261722
0.37315747,0.39606214,0.41481805,0.29164788
0.47750193,0.46962434,0.2969973,0.5290925
0.06283941,0.10522247,0.5167742,0.22295927
0.8200155,0.810041,0.46451515,0.6787714
0.8782002,0.8534245,0.3977425,0.58536834
0.7051979,0.7081094,0.46463856,0.7305463
0.1458495,0.25631702,0.37669668,0.2508458
0.66834754,0.6610434,0.47609508,0.7244513
0.7296354,0.7111999,0.45331588,0.64759046
0.503879,0.48516172,0.30711576,0.47421175
0.17339022,0.2285443,0.46725205,0.23443393
0.57370055,0.6006109,0.36293566,0.3810708
0.23816913,0.44843593,0.23164643,0.38116285
0.0965865,0.13469148,0.41171804,0.24833697
0.727308,0.7359804,0.46712163,0.7671904
0.56826997,0.56748486,0.29453158,0.54388124
0.62024826,0.6225417,0.40078112,0.60340554
0.621412,0.57161415,0.39182737,0.5417425
0.41272303,0.41812122,0.32440186,0.442852
0.09542281,0.15667047,0.5697397,0.16864336
0.10667185,0.11695052,0.5207958,0.18610501
0.83126456,0.8206439,0.658805,0.7057355
0.40535298,0.4399547,0.35144946,0.4176774
0.29751745,0.27961016,0.35562348,0.31998387
0.4030256,0.4915223,0.2673638,0.49877948
0.64856476,0.6470922,0.45631796,0.6850813
0.8673391,0.8633806,0.7615161,0.9038309
0.7110163,0.70498633,0.5092968,0.7543438
0.66640806,0.6777988,0.38771406,0.57454836
0.073312655,0.09242136,0.5267779,0.23128429
0.31846392,0.32328653,0.40872997,0.27305645
0.13421258,0.20914532,0.37399468,0.27621344
0.37548488,0.37920517,0.611656,0.2512425
0.04344453,0.045638174,0.6987533,0.10873962
0.7820016,0.7811731,0.60039294,0.819277
0.8471684,0.8100675,0.6675815,0.91607904
0.103180766,0.107260495,0.46699503,0.26241043
0.003103181,0.0066090287,0.76107067,0.10087628
0.23157488,0.29890326,0.2806857,0.30047253
0.9072925,0.89391077,0.40715787,0.5614475
0.128782,0.19660114,0.39013818,0.23911008
0.23235066,0.25115755,0.37225798,0.30816445
0.16679597,0.2188543,0.46774635,0.18051049
0.020558573,0.038421277,0.7028936,0.13395874
0.00814585,0.029751657,0.55810106,0.15660228
0.064391,0.08506997,0.45945215,0.21522073
0.8320403,0.8032625,0.70313334,0.9094472
0.83941036,0.83298993,0.73033863,0.88897955
0.101241276,0.22223313,0.5587414,0.19871524
0.16408068,0.3327859,0.20707874,0.38107798
0.33436772,0.39992332,0.21467113,0.37245616
0.19084562,0.34035754,0.36059007,0.26922628
0.63498837,0.6579586,0.45409334,0.6809349
0.71024054,0.7269649,0.5862828,0.74721
0.10473236,0.22343408,0.500479,0.22106566
0.6966641,0.6809505,0.4122166,0.61815953
0.68619084,0.7186424,0.3483955,0.48925614
0.27191624,0.3056977,0.38665855,0.32497364
0.10899924,0.2357678,0.5059872,0.18298441
0.30100852,0.33945656,0.3135238,0.33014366
0.15050428,0.2543043,0.32835218,0.2616058
0.65865016,0.65837246,0.4568052,0.6674165
0.15399535,0.16172993,0.41325393,0.2714713
0.2761831,0.39820573,0.42080525,0.27003577
0.36307216,0.37537488,0.39612526,0.2807856
0.13653997,0.29981917,0.4329187,0.23898146
0.65205586,0.65500706,0.4608431,0.6969249
0.8719938,0.8517397,0.79069656,0.84669
0.6644686,0.6800519,0.41065514,0.60989577
0.07292475,0.095286146,0.57481873,0.20599632
0.29790536,0.40584072,0.17170945,0.3660331
0.026377037,0.061050292,0.6274563,0.10113493
0.88557017,0.8858509,0.59928375,0.7557355
0.52792865,0.53511107,0.46369866,0.41552123
0.10589605,0.20327793,0.56089264,0.22020319
0.8246703,0.79524875,0.56006134,0.7541236
0.00077579514,0.0043973164,0.9183148,0.12609534
0.5352987,0.56306285,0.30384544,0.53246737
0.621412,0.6123687,0.43188268,0.6832029
0.09891389,0.16146182,0.57762784,0.21866709
0.07370055,0.08462504,0.45019588,0.27102584
0.6423584,0.63813996,0.42158234,0.67324454
0.1481769,0.27087453,0.35161725,0.2744823
0.30527538,0.453356,0.2816035,0.37719244
0.03064391,0.04533776,0.6945884,0.096878506
0.71605897,0.73677623,0.38063318,0.6214548
0.04305663,0.053948063,0.3157067,0.16715902
0.6501163,0.64388025,0.42052186,0.629485
0.26920095,0.29819867,0.39805818,0.2473607
0.16834757,0.22136515,0.44640544,0.25314808
0.021334367,0.036429938,0.8426862,0.0892813
0.44608226,0.465227,0.37325472,0.4411864
0.5818464,0.5916336,0.36640888,0.48608315
0.8134213,0.80940545,0.49962428,0.7794336
0.47129557,0.49412665,0.21339287,0.4591795
0.7319628,0.71061075,0.4293008,0.6365455
0.050038792,0.061401132,0.7731577,0.08389347
0.15205586,0.23229587,0.6401898,0.14452387
0.05352987,0.10760944,0.63071173,0.10289097
0.051978275,0.07348146,0.57338995,0.099004544
0.64934057,0.6331844,0.40538964,0.53849006
0.071761064,0.08143819,0.45765874,0.17842506
0.12412724,0.23136818,0.43400732,0.22175165
0.9821567,0.974811,0.54934597,0.7621176
0.0077579524,0.026845539,0.9183148,0.046456177
0.43095425,0.5212893,0.2595543,0.4789998
0.01939488,0.02953001,0.63182676,0.18043946
0.013576416,0.027720135,0.84074634,0.047201466
0.13576417,0.18810563,0.50754446,0.3047813
0.15438326,0.30051798,0.5024487,0.21986727
0.09503491,0.16975085,0.34596738,0.2596613
0.05779674,0.07467661,0.47472563,0.2716629
0.20442204,0.19931157,0.5455438,0.18669938
0.5725369,0.579156,0.29544908,0.553524
0.81691235,0.7924599,0.48429212,0.7490939
0.9456944,0.92010564,0.67646277,0.9281591
0.480993,0.48936006,0.3605327,0.4561431
0.5085338,0.5175786,0.36192298,0.43137586
0.147789,0.30928552,0.296548,0.2409939
0.26415828,0.25912586,0.43503246,0.2741836
0.1466253,0.2076071,0.43185073,0.26424244
0.44763383,0.42267814,0.33214825,0.44487333
0.00814585,0.025694778,0.55112255,0.15170845
0.40961984,0.39422268,0.22944634,0.36932063
0.86850274,0.85482496,0.5420526,0.7845932
0.3774244,0.39727506,0.27244145,0.38037473
0.91117144,0.8949263,0.53427106,0.7459594
0.0969744,0.13526405,0.5062678,0.12690023
0.1621412,0.21953636,0.52218884,0.2454989
0.027152833,0.055787653,0.49488464,0.15519907
0.012412724,0.022831492,0.842881,0.050900873
0.6249031,0.6166388,0.38144574,0.5812106
0.5333592,0.5347877,0.36515158,0.45581973
