97.695656,49.95947,-0.31223223,19.61919
23.913044,22.078194,-0.2947655,5.304814
76.565216,37.669407,-0.35645482,17.964596
0.6086956,0.7827185,-0.13787737,2.6
3.347826,2.91717,-0.25999457,1.9743589
62.347828,31.791378,-0.41958523,10.806733
53.47826,27.51507,-0.41554183,11.363547
76.521736,37.80196,-0.4138456,10.320017
43.695652,25.860525,-0.4263029,8.881593
3.9565217,3.5736187,-0.25697443,3.0835843
83.304344,41.04591,-0.307901,16.716661
81.21739,41.409218,-0.34592152,19.080412
73.0,37.07241,-0.38026634,15.458267
11.652174,7.4504952,-0.31603354,2.6197555
95.434784,47.77107,-0.3175299,17.3371
9.73913,10.005532,-0.28056797,4.221058
24.565218,17.3253,-0.39255983,7.312741
36.652172,17.62387,-0.39832178,7.3901176
16.086956,19.920097,-0.40304476,6.3337355
1.4347826,1.8543828,-0.13937283,1.2110091
3.8695652,5.2596607,-0.13877845,1.9453552
102.17391,50.2183,-0.34175292,17.997358
78.652176,40.507698,-0.34006825,18.184746
83.86957,42.339863,-0.36930922,15.925083
38.304348,24.365465,-0.48421276,10.121677
47.47826,23.1416,-0.46298847,10.4455
1.0434783,1.3644266,-0.13882881,2.2439024
0.73913044,0.96377057,-0.2238241,3.7777777
54.130436,26.902695,-0.43053362,9.112293
24.0,12.350929,-0.38414475,5.2986307
75.565216,36.194958,-0.39140704,14.711731
30.391304,16.980576,-0.48807037,7.5175185
12.608696,8.33797,-0.37175566,4.7248845
22.26087,12.03864,-0.24797,3.2257237
9.869565,8.181489,-0.42024946,6.352402
28.347826,22.151562,-0.39378506,8.818132
66.26087,34.649174,-0.44472197,11.699912
36.130436,18.77693,-0.4588036,6.950541
26.043478,18.395845,-0.42645147,7.494079
2.3913043,2.0167284,-0.32935658,3.6666667
102.73913,51.848747,-0.26981002,18.88724
2.6956522,2.6360228,-0.29947472,2.931783
25.652174,12.253418,-0.39159396,6.0208254
93.0,45.46527,-0.33878013,17.262241
1.173913,1.0292175,-0.09323271,1.4564315
53.95652,27.497898,-0.351207,9.449316
11.434783,11.272759,-0.36523822,3.30231
28.26087,21.57696,-0.48227397,9.7727375
1.6956521,2.5483468,-0.264073,1.9551451
3.5217392,4.1655464,-0.09319042,1.7900553
0.39130434,0.98807114,-0.09285296,1.2857143
29.869566,31.287966,-0.5350719,8.372393
48.95652,25.799011,-0.44834054,11.806125
103.652176,51.577488,-0.30597216,18.591356
63.434784,32.575542,-0.40845397,13.11497
103.08696,52.470695,-0.33324888,17.799623
30.73913,27.419664,-0.47219726,10.169139
34.130436,22.091349,-0.51086867,10.518185
57.608696,30.679781,-0.40324846,15.832461
9.217391,5.9157457,-0.21788585,2.5832756
22.47826,22.333973,-0.40380734,7.1551337
0.08695652,0.4170288,-0.04761905,1.0
9.26087,6.6552606,-0.36268342,3.8093472
42.130436,25.706923,-0.48385018,11.871814
25.782608,16.155373,-0.37392557,5.481995
2.4782608,2.0420482,-0.3665641,4.4088397
78.13043,41.157463,-0.34802577,16.043526
83.0,41.39719,-0.3805234,14.215133
34.608696,28.10975,-0.43454576,8.947234
40.739132,21.060987,-0.42000672,10.816873
70.21739,35.32699,-0.38080782,13.671366
23.73913,18.348192,-0.42902824,7.5814013
1.0,1.4459976,-0.13817768,1.2047619
84.391304,41.32987,-0.35082006,19.12937
25.869566,18.704166,-0.40171552,6.783685
27.0,23.10844,-0.4176073,7.324785
49.260868,31.096941,-0.46347687,10.709386
41.52174,23.106216,-0.5125838,10.50007
83.347824,42.52444,-0.32465163,19.315166
29.869566,15.662068,-0.42310208,7.927901
88.08696,44.186497,-0.33899894,16.357471
21.434782,20.610735,-0.42210203,7.1876965
100.608696,50.911457,-0.28559527,21.179207
89.521736,43.95025,-0.28918406,21.233187
20.304348,12.319366,-0.42839637,5.8119326
46.130436,23.81425,-0.43570143,10.556223
18.130434,8.497617,-0.3764892,5.951829
33.652172,18.467684,-0.43420246,8.274125
46.173912,24.831528,-0.3411854,9.09546
74.21739,37.634556,-0.30446562,17.513905
33.173912,22.517977,-0.44994658,7.461193
6.652174,4.9138827,-0.32518953,5.1474104
108.304344,54.79087,-0.16184457,20.954838
41.739132,23.975779,-0.47516102,9.597198
43.695652,26.442793,-0.44974703,10.227452
72.13043,36.53803,-0.39012623,15.770469
85.08696,42.724182,-0.2884648,19.82193
103.17391,51.111866,-0.19523019,21.341255
61.695652,31.081177,-0.40852973,11.0823965
9.913043,8.732973,-0.32983768,3.5150774
89.347824,45.382824,-0.18606997,22.899235
72.21739,35.906387,-0.4040381,13.383978
61.04348,34.811802,-0.40005702,13.8279
27.391304,19.583712,-0.37107033,6.565762
44.173912,23.702038,-0.42737058,8.338778
64.434784,33.17149,-0.39984742,13.99379
19.304348,23.030483,-0.39891705,6.3453126
0.95652175,1.3973436,-0.18104707,1.8333334
22.391304,15.107912,-0.44774032,8.539583
27.52174,18.581196,-0.4495981,6.9487944
2.652174,3.0392687,-0.18130407,1.6606171
79.652176,41.79344,-0.3916587,14.094084
83.21739,41.091866,-0.39440688,12.979744
90.04348,45.590546,-0.24605854,20.057125
79.434784,38.791782,-0.38589954,14.163032
14.304348,12.955991,-0.36068714,5.851426
0.17391305,0.4910262,-0.13937283,6.0
98.652176,48.92537,-0.38241547,13.704566
16.043478,11.359731,-0.3853907,3.299927
3.7391305,3.0334108,-0.28860456,4.1915135
22.73913,12.874278,-0.38592574,8.534104
3.4782608,3.0431676,-0.21299167,2.6666667
27.086956,15.730436,-0.31599912,4.4023767
26.086956,12.741889,-0.3623265,6.122449
21.086956,18.120588,-0.32424906,4.470727
27.608696,23.67918,-0.3859779,7.578022
22.652174,20.11921,-0.46202627,7.740129
12.086957,7.4827867,-0.4366408,7.015853
5.6086955,7.1905184,-0.26029015,2.582421
36.95652,18.353792,-0.3506217,8.539832
7.826087,6.6377172,-0.1772169,2.1306705
28.086956,16.92742,-0.36464122,5.2773767
74.86957,37.57575,-0.39337647,13.68775
10.826087,10.735041,-0.36983338,5.1805367
26.434782,21.353786,-0.4803162,8.111834
10.608696,9.203454,-0.3615298,5.492034
40.565216,20.821375,-0.3976247,8.141148
44.739132,20.939777,-0.39741758,10.517748
18.086956,12.971693,-0.32104778,5.1608276
55.04348,30.269213,-0.4019102,11.5632715
58.782608,28.976412,-0.39502773,9.917104
22.47826,12.19862,-0.36015758,7.3405976
59.47826,30.948446,-0.39470485,9.228464
9.130435,6.7170362,-0.21666864,3.457539
63.304348,32.173443,-0.42233926,10.852091
79.73913,39.746033,-0.30836475,17.629807
16.956522,10.498823,-0.34281534,5.0882077
11.347826,9.957221,-0.42660058,4.2164783
25.73913,15.483767,-0.48463553,7.733003
47.47826,27.9608,-0.42088345,10.068046
0.95652175,1.9182914,-0.04761905,1.0
102.304344,50.815563,-0.22615337,23.472914
32.347828,20.028635,-0.44886193,8.510515
103.26087,51.19856,-0.3320735,18.545532
71.478264,36.89773,-0.34565637,16.994413
94.608696,48.267944,-0.35433722,17.047394
0.5652174,0.72776663,-0.094076656,1.1818181
47.695652,28.070423,-0.4852642,10.201534
16.173914,11.023332,-0.42199025,7.3215914
87.08696,44.466446,-0.37555972,15.583733
83.695656,41.99181,-0.31860787,18.035334
94.434784,46.954353,-0.38154003,11.422995
0.39130434,0.8387832,-0.18029085,4.0
8.304348,11.447249,-0.26051566,2.9078526
40.347828,25.310093,-0.46464592,8.531916
78.391304,38.6661,-0.35930252,15.480598
103.17391,51.806152,-0.2752443,20.422901
57.04348,28.131958,-0.39116302,9.273009
9.782609,7.3358183,-0.32374752,4.302544
29.347826,16.734854,-0.41896337,7.580226
10.304348,12.889159,-0.29276145,4.9366283
51.826088,27.748304,-0.417642,11.0135765
21.956522,12.1186495,-0.33935422,3.804598
58.95652,29.493418,-0.4392085,13.116086
3.652174,3.3249567,-0.255165,3.1864717
27.130434,15.046306,-0.3441418,6.027163
75.73913,38.706608,-0.39750594,14.242746
54.608696,29.33775,-0.495699,13.005396
60.391304,31.57637,-0.43181688,11.592679
32.826088,21.19102,-0.44477865,8.068572
14.652174,8.434823,-0.34119228,4.3500576
12.043478,9.517822,-0.32519478,5.454623
35.47826,22.174658,-0.46590188,8.245592
1.5652174,1.6188123,-0.04761905,1.0
24.52174,18.22553,-0.4363663,5.907792
52.695652,27.298742,-0.46713585,10.419349
42.304348,21.837072,-0.33279708,5.525115
14.652174,13.14468,-0.3336487,6.548988
4.652174,4.129811,-0.22032234,2.4851007
64.13043,32.489586,-0.4022688,12.392556
63.304348,32.66418,-0.42377254,14.31154
48.391304,27.257591,-0.49767214,10.667976
15.695652,14.888784,-0.259535,4.425526
110.695656,55.068085,-0.30345023,18.36665
101.652176,51.118942,-0.27021834,20.4834
34.52174,20.652689,-0.43562374,7.0755835
3.9130435,4.0216804,-0.1375253,2.055955
42.695652,27.826468,-0.45908043,9.4426775
23.47826,18.280315,-0.3927273,7.595115
12.478261,8.371324,-0.17476816,2.9086463
4.826087,5.314236,-0.2589005,3.2182393
7.652174,6.2856884,-0.2964768,2.7022285
51.739132,27.588234,-0.47287023,11.471623
0.3478261,0.7140598,-0.22648084,4.6666665
84.652176,42.42813,-0.3299038,15.560136
91.652176,46.22633,-0.3139591,17.559584
23.391304,12.925447,-0.39602464,5.13702
22.73913,20.425512,-0.45948806,8.281442
34.739132,19.45208,-0.38520163,7.591946
2.4782608,2.233415,-0.09367762,2.0305343
28.0,21.906828,-0.48285913,7.067864
43.826088,20.71594,-0.4070038,7.147577
22.173914,11.695579,-0.41688663,6.140073
96.26087,48.240135,-0.23576723,21.0626
0.26086956,0.5408236,-0.13937283,2.5
25.043478,21.406199,-0.44360688,9.066521
10.304348,7.1505547,-0.32624906,5.4134727
65.78261,33.550446,-0.42152277,12.133789
47.47826,24.981575,-0.3868445,9.24189
54.782608,25.938663,-0.40988415,13.295729
102.347824,51.841198,-0.32976305,18.656488
73.434784,37.215374,-0.37002718,15.317094
74.565216,37.115086,-0.3449554,18.458462
10.826087,8.515506,-0.29032418,3.6188467
12.26087,9.250147,-0.32875827,3.4534123
6.4347825,4.4397593,-0.29264805,3.837037
15.086957,7.6628566,-0.32019368,3.8270433
82.78261,41.199024,-0.37032777,17.987946
55.739132,27.16652,-0.4081928,12.267805
17.565218,11.040529,-0.39618087,5.803108
104.347824,54.297672,-0.34639707,16.979263
86.13043,42.335567,-0.35097575,16.236227
5.869565,4.7606754,-0.2164912,3.2131438
16.130434,7.5215106,-0.17407428,3.5408068
40.47826,23.265015,-0.44542965,11.093557
43.260868,22.019035,-0.44130695,8.953739
24.956522,18.967625,-0.32262394,5.7292013
27.043478,21.410444,-0.4837798,10.170142
31.782608,20.018074,-0.43460208,7.433208
0.17391305,0.3875534,-0.04761905,1.0
19.043478,19.859686,-0.36723647,6.1399245
1.0869565,1.0834727,-0.2232301,3.2258065
34.608696,22.558487,-0.5137554,9.042353
7.0,5.018149,-0.31921047,4.4691186
9.173913,9.929992,-0.2924716,4.161345
16.130434,11.246431,-0.37849075,6.058346
80.478264,39.710167,-0.3665508,16.882025
20.695652,20.403732,-0.397246,6.2823005
5.869565,8.7558,-0.18009956,3.189351
44.869564,25.493856,-0.45508623,10.321402
79.86957,40.028744,-0.35706848,16.52247
2.652174,2.1660333,-0.17446785,3.014827
16.695652,17.800497,-0.3732532,5.315215
26.086956,14.789164,-0.40273112,8.015523
27.434782,14.828799,-0.40670764,6.2055883
84.73913,42.821213,-0.38702747,14.502552
50.782608,26.630394,-0.5315304,9.977134
41.565216,20.281712,-0.32201916,6.212777
17.130434,18.6555,-0.42941374,6.0803423
19.913044,12.261963,-0.4274861,6.59855
0.82608694,1.2303796,-0.13732335,1.4132231
10.782609,11.977086,-0.3363995,4.8600445
15.043478,9.002415,-0.40816954,4.947364
16.0,10.0905,-0.31206736,4.992828
39.304348,19.67101,-0.44140625,8.964551
4.7391305,5.250259,-0.21772656,3.5393867
0.26086956,0.5408236,-0.13937283,3.75
13.652174,11.753563,-0.3655845,5.5791326
0.3043478,0.558796,-0.13937283,3.5
18.26087,10.140904,-0.27871355,5.875793
51.304348,26.202766,-0.39898258,11.308341
102.347824,51.08692,-0.28859547,19.545507
0.3478261,0.57276803,-0.26635695,14.0
56.260868,29.037933,-0.40395686,11.829509
6.2608695,7.961369,-0.26195988,2.562469
76.21739,37.395863,-0.3283474,20.329481
40.782608,25.761065,-0.47607622,10.472642
6.7826085,4.5920534,-0.25214013,3.5278668
72.95652,37.837547,-0.3882969,14.974808
6.0,4.9359536,-0.25292107,4.099306
5.304348,4.094728,-0.3623505,5.325397
20.52174,10.25524,-0.33364516,5.361308
100.347824,50.48187,-0.23253444,18.511696
5.521739,4.088449,-0.24880245,3.0124247
10.347826,7.511256,-0.21175382,4.2609158
84.434784,42.929993,-0.3398972,17.450705
32.608696,20.051613,-0.35870296,6.1934953
19.47826,16.06201,-0.33391413,5.879852
3.7826087,3.4503822,-0.17647913,3.3581688
63.04348,33.67826,-0.4130356,13.230627
1.0869565,1.4114159,-0.17987718,2.479339
38.608696,22.604784,-0.47550344,8.439473
31.52174,18.790398,-0.46517304,8.47652
0.3478261,0.6472807,-0.092840634,1.3333334
89.26087,45.21184,-0.2568202,19.311281
13.652174,10.262946,-0.4406691,8.699061
36.869564,23.081486,-0.5284212,9.032621
10.826087,15.53779,-0.25985622,3.6972818
16.130434,9.221045,-0.41824713,4.572314
35.95652,23.385073,-0.46003494,8.757718
43.695652,24.590158,-0.43540263,11.15161
90.391304,45.56687,-0.33891365,18.955063
3.5217392,3.2032592,-0.21696961,2.2609909
80.04348,39.061115,-0.3992434,14.856542
13.217391,15.456556,-0.4003118,5.5899987
37.260868,21.515781,-0.42385164,8.379121
89.04348,43.026924,-0.38112915,14.098915
35.391304,22.934174,-0.39504296,9.175869
1.2173913,1.7569736,-0.18350755,1.7181818
36.652172,18.067068,-0.3848676,7.335586
15.782609,10.803857,-0.36117712,3.976457
11.0,6.1274347,-0.365007,5.2944694
80.478264,40.48105,-0.37756854,17.204504
18.47826,11.594942,-0.3755111,6.380568
6.9130435,7.942481,-0.25722662,3.2642932
39.304348,22.130676,-0.4471655,7.4740157
74.0,37.944935,-0.3998653,16.468906
108.17391,52.943066,-0.23705855,18.368301
4.521739,4.6010823,-0.36767018,2.596219
14.565217,13.855836,-0.29338273,4.668308
2.5652175,2.6081357,-0.26094124,3.4357429
100.521736,50.994537,-0.3481899,16.164751
88.304344,46.347927,-0.39486942,10.907569
34.304348,26.088024,-0.44048083,7.6994677
29.043478,18.692434,-0.35371548,6.404427
0.8695652,1.2174618,-0.13714293,1.7117118
100.695656,51.21473,-0.14414613,23.146801
83.391304,43.4362,-0.40238425,11.231004
61.652172,31.659565,-0.38833764,14.368196
109.04348,54.07022,-0.32997087,18.215296
9.043478,6.0563884,-0.21465385,3.8985875
4.7391305,3.5830078,-0.29352182,3.611043
7.869565,8.454716,-0.33645168,3.8185654
43.695652,24.68241,-0.39237148,8.575581
16.217392,14.1098175,-0.34834543,6.320882
75.695656,38.510254,-0.35967812,17.323978
86.478264,43.60762,-0.2724946,18.021658
1.3478261,1.9213796,-0.17789298,2.1232877
77.86957,39.0772,-0.37274605,17.002323
83.17391,41.634396,-0.32390884,15.462899
98.13043,47.940594,-0.18657027,22.252195
50.565216,28.886654,-0.4271156,9.532787
102.347824,51.71127,-0.26477146,19.927908
11.391304,6.74698,-0.29218456,3.0639842
27.086956,15.373865,-0.39728516,6.8124537
18.52174,16.940725,-0.36933023,5.758588
19.565218,14.646831,-0.35439414,8.202079
75.652176,36.85427,-0.38633025,14.674536
76.91304,39.728527,-0.3872681,10.068674
45.391304,21.850191,-0.44010985,7.534542
78.86957,38.076843,-0.37427002,16.51194
84.608696,42.58333,-0.24063823,19.957869
0.26086956,0.5408236,-0.04761905,1.0
0.6086956,0.8387832,-0.18215166,2.3947368
39.260868,22.222466,-0.38863587,9.628869
51.95652,28.057535,-0.432143,12.285854
11.217391,8.240458,-0.21352206,3.4430366
43.391304,22.691086,-0.39385262,12.28979
50.130436,24.047876,-0.48992264,10.529513
92.04348,46.06071,-0.32189053,16.583637
5.652174,4.2169433,-0.31996405,3.457732
2.3043478,2.7868977,-0.26202822,2.5054545
58.434784,29.194996,-0.4285935,12.168923
14.695652,15.244775,-0.39673978,6.2994137
74.26087,38.0182,-0.35772297,16.339506
0.3478261,0.93462175,-0.18208359,2.8
24.173914,18.127459,-0.43376866,7.0036316
25.130434,13.088178,-0.3538706,6.690191
22.26087,20.872377,-0.45279145,8.7490635
32.173912,18.22,-0.5144959,9.889685
32.913044,18.698355,-0.43701658,9.634545
30.956522,21.507881,-0.44795924,8.535645
16.956522,12.415087,-0.42048153,5.996443
97.304344,48.856407,-0.19654593,22.079746
19.217392,15.087492,-0.3576438,4.45699
19.913044,17.727516,-0.46029222,6.4612584
78.82609,39.570023,-0.37626538,16.449467
23.782608,14.08725,-0.43248343,8.476528
60.434784,30.82034,-0.43333808,12.33854
3.9130435,2.8270292,-0.32881796,4.013026
57.739132,27.914183,-0.42395255,9.678046
1.7826087,1.7044467,-0.13642426,1.355372
46.869564,27.43141,-0.48492864,10.807294
26.26087,14.616981,-0.40791744,6.8468623
33.347828,17.361422,-0.3481312,6.2968574
99.434784,49.94618,-0.24780108,21.023838
5.9565215,6.832265,-0.25961047,3.8133442
55.782608,28.827002,-0.47113955,12.021151
88.304344,44.669937,-0.26528463,22.037384
2.1304348,2.5100589,-0.17972437,1.2965821
52.608696,27.44207,-0.40189788,9.819372
17.347826,19.639034,-0.30029342,3.9346383
93.478264,47.12736,-0.35034588,17.605625
1.4347826,2.3898666,-0.0927785,1.4426229
80.521736,40.77641,-0.33326402,19.118446
2.5217392,3.396115,-0.22321407,2.2520435
28.782608,14.613059,-0.2756318,4.1120715
22.086956,10.599798,-0.30755466,4.8933387
93.26087,46.204308,-0.28955236,18.165043
0.82608694,1.1541299,-0.26548257,5.181818
0.17391305,0.3875534,-0.094076656,3.0
4.3913045,3.81074,-0.32826948,4.2905693
102.82609,51.295624,-0.36927223,15.190573
63.739132,33.235,-0.41829616,9.112196
47.652172,29.781948,-0.42596254,11.162454
98.73913,49.7651,-0.18862471,23.22609
3.826087,2.7741039,-0.35542634,5.165992
89.13043,46.39289,-0.36967054,15.386827
19.26087,23.063583,-0.33726797,5.5756593
26.73913,14.91862,-0.24182652,4.964372
25.47826,16.247711,-0.35553953,4.638585
12.0,12.217722,-0.29802987,4.5778046
102.82609,50.63654,-0.21035337,23.305931
33.217392,17.606705,-0.36197925,8.403471
8.0,6.708204,-0.21975209,3.679196
7.652174,9.063457,-0.26171577,4.156545
0.13043478,0.34435022,-0.13937283,3.0
27.26087,15.536518,-0.38771886,5.1958117
78.91304,39.33644,-0.37353775,15.223187
30.0,28.53387,-0.48176745,8.506782
30.173914,18.465328,-0.40723613,7.9552402
10.391304,8.277786,-0.2904091,5.8811
2.5652175,2.1914313,-0.17886792,3.7937915
65.521736,32.02679,-0.41549057,13.27202
1.3478261,1.64064,-0.17960584,1.7816092
4.9565215,5.103281,-0.2175763,2.13561
0.95652175,1.3306956,-0.09312652,2.0810812
7.9565215,7.1762123,-0.2598164,3.5499892
102.304344,52.421745,-0.27440006,20.965792
7.869565,4.975434,-0.25260296,3.7439668
50.95652,29.044603,-0.5034624,11.262387
89.82609,45.193172,-0.25069442,18.52621
41.565216,20.23684,-0.36980763,6.6819386
95.08696,49.747463,-0.34655052,15.892183
84.0,42.8984,-0.30998725,20.71226
90.04348,45.438747,-0.29886496,18.299427
23.913044,17.19385,-0.34742597,5.454299
84.608696,41.257217,-0.4003949,13.059186
18.826086,12.04783,-0.39760867,6.494098
90.434784,45.279762,-0.30247226,16.451038
6.130435,5.1549125,-0.36663944,5.0823894
58.086956,33.41191,-0.46834037,11.535865
25.652174,14.605755,-0.34473884,6.434655
30.304348,23.30906,-0.38685757,7.759309
31.826086,22.439114,-0.49635,9.803093
18.52174,18.02995,-0.33981675,6.0430574
99.78261,49.27839,-0.3002068,19.528944
100.04348,50.540245,-0.38220954,14.476211
65.695656,31.892483,-0.40805233,15.005459
78.86957,40.814774,-0.3683229,16.931713
4.478261,4.2838974,-0.28704822,3.7045133
8.347826,10.070699,-0.17878143,3.226465
0.5217391,0.79025686,-0.18183263,4.4
33.52174,27.063679,-0.56176984,9.783619
97.347824,48.4192,-0.38862383,13.659659
54.826088,26.448324,-0.42116013,9.092605
1.4347826,3.3686535,-0.18030845,1.8333334
1.6956521,1.9172609,-0.13937283,1.1126126
89.304344,44.167484,-0.40627873,12.804211
37.04348,19.248325,-0.44041234,11.58119
0.9130435,1.0834727,-0.25798407,4.6666665
76.04348,37.53965,-0.39330915,14.609127
3.0,3.1333978,-0.13753219,2.2321599
7.173913,5.279912,-0.251828,3.010681
62.913044,31.037971,-0.3826448,9.596318
24.913044,25.137646,-0.4979558,9.106863
82.652176,41.22401,-0.3525651,18.19652
86.478264,42.77411,-0.3262252,17.013458
35.217392,20.696852,-0.45242304,7.885939
2.6956522,1.7171537,-0.2546794,3.5746691
23.73913,23.128529,-0.42329362,8.078677
6.2173915,3.0889323,-0.2542955,3.1404269
17.26087,20.469973,-0.42716518,6.9019227
74.21739,38.533287,-0.3756876,16.96321
57.739132,30.00033,-0.44421658,11.338962
24.608696,29.931345,-0.4323292,7.119735
26.869566,27.91758,-0.34666052,5.8758283
43.347828,22.17822,-0.20794144,4.3737316
106.521736,52.779015,-0.3199073,17.57628
9.347826,7.258905,-0.3297259,4.295985
11.869565,6.559548,-0.28631455,3.7850952
48.95652,25.754927,-0.37469116,5.528569
2.7826087,2.7461796,-0.21746622,2.5648854
34.0,24.278685,-0.46603197,8.424027
42.391304,22.71111,-0.47336307,10.145617
23.434782,12.153661,-0.48215693,8.901707
95.13043,47.07567,-0.35035193,16.220648
20.913044,11.15149,-0.38815963,6.6120625
21.130434,20.64264,-0.39837816,6.122656
10.521739,6.0518184,-0.28594458,4.1421876
36.0,21.236761,-0.5402633,9.551358
0.95652175,1.5219085,-0.094076656,1.1
99.391304,49.58165,-0.20269223,21.879126
14.478261,12.354129,-0.3545832,5.2963495
0.3478261,0.7751068,-0.04761905,1.0
31.47826,20.026958,-0.38588864,6.054408
7.695652,4.4357514,-0.31986624,4.6915665
83.652176,42.008232,-0.32144704,17.716543
48.04348,24.146294,-0.45632657,11.614525
34.695652,18.499226,-0.35251224,5.2634687
0.5652174,0.99206334,-0.09287897,1.1818181
0.9130435,1.2399796,-0.13719675,1.3636364
25.043478,14.492877,-0.34821677,5.9770446
19.0,11.253283,-0.38337034,7.50126
7.130435,4.08216,-0.29232872,4.195229
76.521736,37.356842,-0.34425524,18.803007
105.86957,53.942142,-0.2214047,18.388592
91.04348,46.162243,-0.38909698,11.955889
104.08696,52.319744,-0.30059043,18.445148
0.6956522,0.87567025,-0.13693807,1.3186814
2.826087,2.9795084,-0.21365508,2.9009762
71.391304,35.199097,-0.38132608,17.379751
89.521736,44.452087,-0.2880258,18.846891
65.13043,33.427402,-0.41157326,11.083408
60.260868,30.502188,-0.39490625,11.365903
19.869566,15.670773,-0.36938855,7.2008295
33.260868,24.843542,-0.54296994,10.508091
45.652172,24.695618,-0.4472341,10.604938
1.0434783,1.6645573,-0.18242644,1.5862069
38.04348,20.909933,-0.38268143,9.577573
0.6086956,0.8387832,-0.34433335,11.375
79.95652,41.664764,-0.31680635,16.468443
87.13043,43.037304,-0.309893,19.411993
53.782608,29.153133,-0.44971028,11.43349
88.17391,44.388424,-0.39528143,12.954281
78.17391,38.308144,-0.35437468,17.987007
17.0,16.073694,-0.39599255,5.354284
18.652174,6.1245313,-0.30906633,5.993341
3.173913,1.9691293,-0.17774306,3.0311418
98.0,49.47359,-0.32947245,18.60401
20.608696,15.590612,-0.35630864,5.0344005
6.7391305,5.8946614,-0.2968077,3.5196106
80.347824,40.880768,-0.40359116,10.6195
0.82608694,1.1541299,-0.13843249,2.375
42.391304,23.01924,-0.4469224,9.49688
22.913044,12.727612,-0.2774744,3.0449712
0.3478261,0.57276803,-0.094076656,1.3333334
13.608696,10.21914,-0.39174047,5.8539743
8.173913,4.8020086,-0.21884714,3.1344507
0.3478261,0.6472807,-0.1380507,1.8666667
0.17391305,0.3875534,-0.094076656,2.0
35.217392,23.712208,-0.43370795,8.330029
37.608696,19.71326,-0.4093931,8.078869
64.91304,33.218166,-0.45686966,12.014995
0.39130434,0.72231513,-0.09314877,1.6363636
28.695652,19.506258,-0.43435782,8.110315
0.04347826,0.2085144,-0.04761905,0.0
11.478261,6.604885,-0.3472834,3.1884644
14.217391,14.773922,-0.2927348,5.6319737
33.869564,21.768,-0.42059273,7.107564
61.913044,34.774487,-0.42535168,14.221411
16.565218,12.401709,-0.35461977,5.887759
2.8695652,2.833314,-0.29931098,4.1170826
11.173913,6.7531285,-0.2518512,3.2333398
22.913044,14.7614765,-0.39843506,6.1195197
58.434784,30.217133,-0.38287872,9.173572
1.8695652,1.8415494,-0.17995623,1.1576923
59.391304,31.004017,-0.40077358,11.497891
20.956522,13.913624,-0.53448176,7.0072536
14.130435,13.167813,-0.3342283,5.8054914
43.434784,21.525517,-0.3568943,6.688685
31.043478,20.647427,-0.4461747,6.9268513
37.782608,21.769361,-0.44396055,8.288923
2.652174,2.2685337,-0.33129826,4.64467
0.5217391,1.1626601,-0.22196041,6.0
3.2173913,2.9069903,-0.2974646,1.7734734
17.869566,20.913902,-0.36523739,6.784363
80.13043,39.763283,-0.34655496,15.555095
2.3043478,2.2245486,-0.13818048,1.6825397
105.95652,53.065548,-0.26899996,21.153399
39.0,23.31991,-0.43359077,9.307393
0.13043478,0.34435022,-0.094076656,3.0
77.21739,39.387302,-0.38781005,13.012359
1.9130435,2.6784163,-0.21896197,2.1451247
14.782609,20.904451,-0.38617277,6.0958323
83.565216,41.64441,-0.38291302,13.52153
29.869566,17.171076,-0.38776258,5.872234
24.26087,20.756636,-0.4887001,10.05259
5.304348,3.2673979,-0.17796856,3.080551
11.173913,6.555027,-0.41702592,6.049283
8.521739,9.169463,-0.26370618,3.136386
78.26087,38.135185,-0.39563978,12.448009
0.82608694,1.1541299,-0.094076656,1.117647
41.217392,23.986656,-0.4337919,8.334627
8.391304,10.143243,-0.22567292,3.2950382
43.608696,22.918312,-0.46448907,7.7308154
37.95652,19.286072,-0.36512306,7.1300015
64.86957,31.848083,-0.3966997,14.806001
63.47826,32.148617,-0.40315074,11.483977
16.565218,11.134819,-0.2832762,3.411565
85.391304,42.93202,-0.39361206,12.62553
40.130436,20.565426,-0.4017048,8.8533945
26.47826,18.305164,-0.44206485,8.369999
54.739132,26.867043,-0.44446295,12.074944
85.95652,43.926052,-0.32975936,16.258873
76.652176,39.990463,-0.3287979,16.607
38.391304,19.277258,-0.40161917,6.6626115
54.695652,27.74467,-0.43704548,10.687533
11.130435,11.932783,-0.36199215,4.129032
13.0,7.891307,-0.3263702,4.1373515
1.6086956,1.9244629,-0.22461249,1.9821428
18.73913,17.415295,-0.39256212,5.5987554
26.52174,16.621098,-0.4054086,6.4394174
7.869565,7.503359,-0.21931359,3.090495
19.695652,17.48099,-0.5236139,8.44285
19.304348,17.998573,-0.3915152,7.2973213
12.73913,9.08654,-0.32437795,5.936442
12.73913,9.905083,-0.45798326,6.480533
94.347824,47.365704,-0.34493417,16.80543
0.8695652,1.2174618,-0.2621759,3.5185184
12.565217,11.432911,-0.3290713,5.270517
19.695652,14.217258,-0.44874164,6.986829
79.86957,40.76909,-0.36385885,16.076859
60.52174,29.252613,-0.40224305,12.047786
43.217392,26.412731,-0.42922252,12.607188
41.217392,25.126871,-0.4984912,9.320169
11.956522,8.3800535,-0.3214745,5.3303623
5.869565,3.7210011,-0.13576895,2.3622355
14.73913,14.226152,-0.43678415,6.3074975
26.391304,12.172021,-0.44250438,5.0745225
15.217391,12.919177,-0.3682387,5.9871583
15.521739,10.778217,-0.35394692,6.631118
33.04348,16.058071,-0.4401139,6.8147345
44.173912,22.35184,-0.46475267,7.6379094
65.04348,32.742077,-0.3979004,15.507482
104.78261,51.602463,-0.2869523,20.37971
92.391304,45.99974,-0.36787316,15.292328
7.4347825,4.649791,-0.3254663,3.7173913
31.52174,18.260412,-0.38379604,6.0869265
10.782609,6.557137,-0.28095573,4.4562783
70.304344,36.26974,-0.40012196,14.659426
13.869565,14.676215,-0.29975387,4.9067426
32.04348,16.617292,-0.45579568,7.0789547
74.695656,40.117367,-0.38205042,16.749031
88.08696,44.496082,-0.32731757,18.396873
8.26087,5.029164,-0.3208127,3.9653268
88.08696,43.313774,-0.19864172,20.207312
64.347824,32.33997,-0.40115833,13.05493
11.130435,6.482875,-0.21211529,3.3680735
91.78261,46.360207,-0.2746004,20.078299
39.086956,23.397577,-0.53056514,9.819281
84.304344,41.43279,-0.26361558,16.894678
3.9565217,4.587317,-0.22475462,1.9725434
51.434784,27.0384,-0.43123317,10.554687
46.826088,25.645578,-0.5024305,10.584476
50.434784,25.677769,-0.4261674,11.990226
74.13043,37.072784,-0.3731268,15.602552
45.217392,24.105745,-0.41733748,9.843496
7.130435,4.2672577,-0.318598,4.7532005
0.13043478,0.4576966,-0.094076656,3.0
13.434783,8.851431,-0.35208485,4.9922366
10.086957,7.235726,-0.32715237,2.6030698
1.5217391,1.5629101,-0.18249965,1.5454545
67.73913,36.22558,-0.41028517,14.173567
55.260868,28.115376,-0.4080167,8.51652
73.565216,36.79776,-0.41986334,9.082797
11.347826,9.805419,-0.17550687,3.006646
64.21739,32.99443,-0.4231139,12.158548
1.0,1.3483998,-0.26207212,4.2166667
12.043478,7.8362694,-0.28297845,4.395814
35.869564,20.338732,-0.3973033,6.4122396
12.956522,9.295543,-0.3698905,4.867246
108.565216,54.243412,-0.25937518,21.250195
1.1304348,1.2174618,-0.1812538,2.5390625
4.6086955,3.7506258,-0.1789057,2.810606
4.304348,2.1832998,-0.2885183,3.262273
38.565216,28.719374,-0.55223614,12.507671
95.78261,46.95932,-0.28122085,20.153576
79.652176,40.261204,-0.33103085,17.698475
14.217391,11.700647,-0.36757466,4.4284644
5.4347825,8.669833,-0.29804498,2.0448549
86.17391,43.41727,-0.36819062,15.442354
64.521736,33.37646,-0.3910473,14.033209
30.47826,20.279568,-0.35469973,7.84668
4.9565215,2.7876067,-0.29323506,2.8274803
19.52174,13.104023,-0.41492227,5.4995627
64.78261,33.45004,-0.355434,8.491442
3.826087,3.6513033,-0.13557331,2.1554055
93.608696,47.02102,-0.22471954,23.791521
38.0,20.769295,-0.3460403,7.926635
44.695652,25.595516,-0.4161897,8.75289
0.08695652,0.28810406,-0.094076656,2.0
67.26087,36.260693,-0.42503637,10.928716
20.608696,18.809425,-0.41773453,6.490331
51.04348,29.150827,-0.39078265,10.82253
17.695652,13.036434,-0.40774468,6.8349605
48.260868,25.763288,-0.44995522,9.26448
55.52174,28.05655,-0.4779122,11.281481
68.78261,35.09203,-0.3925068,14.474201
14.173913,8.194523,-0.40618977,4.6567335
80.652176,40.98515,-0.40062943,13.0789795
18.869566,13.7222595,-0.33332673,7.2539954
59.695652,30.50698,-0.3933601,10.978239
0.3043478,0.87567025,-0.09282321,1.4
7.0,5.3172107,-0.29040515,4.369064
47.47826,27.986797,-0.4636875,8.863056
86.434784,43.19809,-0.3240863,19.318056
68.04348,34.304092,-0.4002885,13.292531
9.608696,8.217161,-0.37552324,4.5790167
79.95652,40.330994,-0.41225597,13.431786
30.26087,17.462212,-0.39441362,4.5577207
20.913044,15.3768215,-0.4240772,6.3592796
50.565216,26.448624,-0.40032738,11.840313
82.78261,41.56917,-0.36189738,15.256949
60.304348,31.17609,-0.4008968,12.482351
83.565216,42.484035,-0.30537236,18.843906
110.565216,56.136868,-0.30784357,19.223558
64.13043,32.666782,-0.38613158,14.562681
8.869565,8.280889,-0.25778627,3.61993
29.086956,14.058039,-0.3643376,6.5021386
0.39130434,0.5830274,-0.22648084,3.6
97.652176,47.340748,-0.34451658,16.892933
112.08696,56.245335,-0.32698107,19.100084
80.13043,38.649124,-0.4168514,9.886671
100.434784,51.322357,-0.21894515,20.7597
68.434784,34.631603,-0.3882861,15.23632
21.086956,15.808263,-0.47066996,9.477551
106.78261,52.742046,-0.25977942,21.41044
94.91304,48.044403,-0.35154974,17.060184
43.173912,22.048815,-0.39650542,10.051387
66.304344,34.35038,-0.41903996,13.96678
13.217391,13.46361,-0.39102522,5.376605
66.91304,34.17856,-0.39162377,14.258412
67.521736,35.231533,-0.37825546,16.805813
6.826087,5.6781254,-0.21400966,3.1168237
37.826088,21.887423,-0.4649743,7.901156
17.347826,17.680521,-0.42736298,7.616403
73.73913,37.43991,-0.39194337,15.057512
34.608696,18.092537,-0.46074063,9.201443
95.565216,47.120567,-0.22377579,23.400429
40.347828,19.56483,-0.41373932,6.017712
6.130435,5.7863817,-0.2590085,2.7107937
62.826088,33.042194,-0.4227883,16.774769
2.2608695,1.9357262,-0.18145223,2.1284108
16.956522,17.229673,-0.30085778,4.890085
97.73913,49.11972,-0.2719451,21.58435
40.173912,25.23463,-0.44626287,8.940685
52.739132,31.174316,-0.45827943,10.818084
20.565218,13.927821,-0.2855787,4.6710186
40.260868,24.445147,-0.44743472,10.797302
35.173912,17.408598,-0.3775548,10.512576
32.608696,17.523333,-0.334977,6.522875
35.47826,20.70764,-0.43291965,6.2191634
47.391304,27.67299,-0.47449964,9.9984
2.826087,2.4982207,-0.13717867,1.5373244
0.04347826,0.2085144,-0.04761905,0.0
112.13043,55.515194,-0.26982054,19.750183
105.347824,52.949898,-0.35479638,17.135824
63.739132,33.397358,-0.4281915,14.645604
5.173913,6.1765847,-0.25596103,3.1812415
65.17391,31.764263,-0.4044143,10.377106
16.52174,9.548296,-0.3713566,7.1758842
51.565216,25.019676,-0.4316847,10.958533
17.73913,8.614034,-0.38792047,4.303753
18.043478,12.825678,-0.4315085,6.178882
7.347826,7.877521,-0.21520035,3.277765
95.434784,47.724422,-0.3580888,14.499834
16.391304,13.1555,-0.49805132,7.386764
26.608696,21.787693,-0.35535625,6.2970595
71.73913,34.505886,-0.44394228,14.0518
80.652176,40.563763,-0.3892419,13.44329
92.304344,46.283154,-0.31638348,21.005493
70.91304,35.39249,-0.3692643,9.080547
1.6956521,2.5483468,-0.13745162,1.8664987
16.565218,11.61827,-0.42387065,7.315816
100.04348,49.812813,-0.23611109,21.869188
2.9130435,3.502117,-0.26199895,3.6666667
54.913044,29.90122,-0.47718924,12.722546
0.13043478,0.4576966,-0.094076656,3.0
70.86957,36.309658,-0.4038019,16.126362
93.17391,45.818466,-0.2742191,21.857767
80.82609,40.703644,-0.34477186,18.277184
107.82609,54.131702,-0.24304874,21.140532
86.82609,43.508255,-0.32605675,17.259947
0.3043478,0.558796,-0.094076656,2.3333333
22.26087,16.501287,-0.42779377,8.093046
5.0,5.0990195,-0.36088514,3.8832939
3.6956522,2.2448888,-0.36238474,4.3536587
11.521739,12.90479,-0.28596246,4.8882055
48.086956,27.79456,-0.46988106,12.951231
107.73913,54.242065,-0.29260507,19.393383
96.21739,48.02552,-0.2846058,18.879951
41.608696,19.766222,-0.5106542,11.351299
80.695656,40.57141,-0.39288917,15.547126
7.0,4.5226703,-0.39440805,4.5787416
65.391304,32.281067,-0.4164133,10.504726
105.304344,51.40785,-0.12183712,22.563307
37.95652,19.845947,-0.34404212,7.1690807
95.82609,48.690723,-0.36942118,15.916044
16.130434,8.656602,-0.24353813,3.888228
8.217391,5.752126,-0.34280112,4.7899704
11.130435,12.545569,-0.2887208,3.5797324
48.260868,24.65437,-0.40102017,6.6524897
44.47826,33.635574,-0.5386002,11.008571
46.95652,25.428114,-0.40936133,7.912491
22.52174,12.507705,-0.3342281,5.9976263
75.04348,36.333652,-0.4308954,10.369923
18.52174,16.505838,-0.36420372,6.2199397
80.478264,40.55397,-0.308981,16.488588
73.17391,36.320107,-0.36612418,16.347355
23.869566,14.967554,-0.37833712,5.9775877
102.478264,52.68592,-0.37925422,15.000411
44.869564,24.674803,-0.40061167,8.586259
12.869565,6.341095,-0.3808009,5.093921
4.2608695,6.304525,-0.22380184,1.4779229
41.304348,21.95333,-0.39909625,8.205458
86.82609,42.621647,-0.2545583,20.400496
0.7826087,1.832944,-0.18206453,2.732143
16.652174,11.97197,-0.39318877,6.7973423
23.173914,14.323065,-0.37113127,5.2658596
11.478261,8.195728,-0.3508112,4.8371186
25.73913,12.28901,-0.33567217,5.698241
96.26087,45.900303,-0.3435243,17.87999
32.869564,23.930399,-0.50448585,8.875999
17.130434,14.517402,-0.39029184,5.2995415
16.0,14.27649,-0.3567961,6.9875827
25.608696,19.322006,-0.37390968,7.4540915
93.608696,46.335476,-0.34282532,17.479103
7.4347825,9.379989,-0.21912454,2.3042169
30.956522,20.99021,-0.41780272,7.131233
8.521739,7.038011,-0.33042178,4.4462543
26.565218,15.035794,-0.42457163,8.093594
60.0,30.977999,-0.40755984,13.509626
86.08696,43.15818,-0.36640003,16.156168
53.04348,27.690626,-0.3904625,9.032152
86.73913,43.637157,-0.2945346,19.610504
13.652174,7.9578934,-0.27765456,5.1300764
20.304348,10.99353,-0.34971467,4.4282517
16.47826,12.961024,-0.33042628,6.2977843
10.782609,14.320857,-0.2890704,4.745584
12.217391,11.413535,-0.36271304,4.7001195
25.086956,14.4597025,-0.37264368,5.594963
20.73913,17.300072,-0.38339818,5.856988
17.217392,12.891,-0.32068738,5.296269
2.1304348,1.8902705,-0.26283678,3.7813504
76.73913,38.224476,-0.4074735,10.399832
35.0,18.35756,-0.4261445,7.771054
6.347826,5.166401,-0.40521693,5.143343
43.304348,23.543837,-0.40335694,8.091941
2.0434783,1.5805137,-0.2601996,2.4850574
15.304348,14.303321,-0.40711236,4.760789
65.13043,33.771027,-0.38973388,10.395448
30.565218,21.077402,-0.4280772,8.91932
101.304344,51.173,-0.28023696,19.422922
48.826088,23.074291,-0.4377513,12.983596
3.9565217,2.619477,-0.36999324,3.9074428
26.956522,20.057821,-0.41958106,6.047208
72.652176,36.50854,-0.3995011,12.136185
43.086956,25.303455,-0.43966168,8.774461
16.217392,8.717571,-0.4969215,7.3470297
90.652176,44.96525,-0.26117617,19.9977
35.47826,21.146393,-0.49450096,10.743433
21.608696,18.039701,-0.39383507,7.529843
29.869566,19.1366,-0.38860786,5.7514095
78.0,39.66565,-0.3769829,16.517963
25.47826,18.377035,-0.40959182,5.2956715
52.260868,27.551964,-0.4366889,9.702539
31.869566,20.093655,-0.3955871,7.028136
6.3913045,3.3403747,-0.31045496,6.6776605
49.608696,25.523144,-0.32485893,5.8645782
0.2173913,0.42174116,-0.094076656,1.6666666
27.608696,19.78461,-0.43246058,7.1773157
19.869566,17.491049,-0.41893065,6.081597
57.217392,27.972319,-0.4226952,12.174384
4.3913045,3.0412188,-0.2161054,3.8608563
23.73913,27.695122,-0.38415912,7.729894
77.347824,39.129864,-0.37521416,14.329486
18.391304,11.416651,-0.44272268,5.232325
66.86957,32.880367,-0.39697948,11.911126
0.73913044,1.0538843,-0.13844422,2.5185184
9.043478,7.7838893,-0.13614933,2.456693
15.086957,18.524954,-0.33866006,4.660792
84.347824,42.563972,-0.3446395,18.100046
95.78261,47.669273,-0.3396033,17.943695
33.695652,15.852831,-0.4327889,8.573695
93.695656,45.853954,-0.37990764,13.863695
43.782608,24.513367,-0.41052324,10.076812
18.913044,10.646865,-0.27743182,4.9810038
1.0434783,1.4295028,-0.1796119,2.1904762
1.3913044,1.3730898,-0.29600817,5.2765956
21.826086,14.249887,-0.34221184,6.610819
1.0,1.2431631,-0.26684743,3.8333333
3.2173913,4.972255,-0.2980033,4.420622
0.39130434,0.5830274,-0.13807854,1.7142857
2.652174,2.586832,-0.2525293,4.1972475
21.695652,16.926136,-0.36980578,7.1167307
13.26087,10.2346,-0.3297673,4.9287686
101.91304,50.33877,-0.33071086,17.995556
19.73913,14.088091,-0.36433694,4.3613114
26.043478,16.235422,-0.36881942,6.8723764
12.434783,12.598074,-0.33136293,3.2212298
27.608696,23.8189,-0.39397103,7.092597
62.304348,31.669365,-0.38310415,15.10464
21.47826,11.64189,-0.38808376,7.9828897
75.391304,37.612545,-0.345349,17.542656
66.78261,34.556877,-0.3598481,8.030408
0.6956522,0.9739695,-0.3809524,7.5
7.0869565,7.6747108,-0.21906945,3.4928572
44.913044,25.432465,-0.4173551,8.961918
48.652172,28.064226,-0.42753494,9.916312
1.6521739,2.6732461,-0.18085611,1.8025641
0.4347826,0.89575195,-0.22450759,5.625
85.652176,43.553112,-0.29055157,15.836116
24.956522,18.888376,-0.49628335,8.494808
50.217392,24.196087,-0.34185746,6.2986503
17.347826,20.605844,-0.41795754,6.1115303
99.21739,49.835144,-0.29920217,19.44039
25.565218,17.190975,-0.47565907,8.991247
105.347824,51.84383,-0.2501679,20.552595
24.086956,13.121506,-0.42328793,6.1523414
9.434783,5.7589936,-0.32813472,4.683453
34.695652,17.78517,-0.421606,7.0954304
59.52174,30.476324,-0.3995237,11.137097
83.17391,39.945023,-0.32009405,17.506275
36.826088,26.624752,-0.49366117,9.031535
89.08696,44.59404,-0.2680178,19.523184
35.565216,16.991512,-0.37966716,5.785598
26.652174,14.458746,-0.39743927,6.524906
1.0869565,1.6212522,-0.17814387,1.8404908
92.695656,45.38165,-0.22491549,21.08041
0.39130434,0.72231513,-0.093337305,2.25
54.434784,27.623814,-0.43139002,11.385128
96.521736,47.32659,-0.3614843,16.303108
19.782608,12.7420435,-0.3928465,7.8543725
69.347824,36.83083,-0.30790028,18.005623
96.91304,49.984463,-0.31647936,19.52465
14.26087,9.959999,-0.32629508,4.0483127
93.08696,47.130295,-0.34976813,18.461508
0.08695652,0.28810406,-0.094076656,2.0
102.95652,51.759476,-0.3422622,17.405169
105.26087,52.06833,-0.30241612,19.085472
32.565216,19.061686,-0.392779,7.958351
3.173913,2.6909304,-0.25657693,2.5391304
52.913044,27.528355,-0.3732243,9.771099
107.73913,54.261333,-0.29306495,18.028038
42.565216,23.673588,-0.41941568,10.054839
87.21739,44.54309,-0.36518553,16.365683
33.52174,25.36438,-0.47262976,8.39513
10.0,7.0194535,-0.25320378,3.8934062
103.73913,51.15326,-0.2694903,20.63849
26.347826,17.649643,-0.44281775,7.4159555
31.304348,20.100735,-0.6163584,12.957549
33.391304,26.496552,-0.46374398,8.562607
19.913044,17.704424,-0.40527934,7.627214
5.0,4.1009974,-0.36658195,3.7012987
3.4782608,4.187314,-0.17827119,2.3015294
22.217392,19.591177,-0.2914153,4.9675956
15.478261,13.483558,-0.43183202,9.489413
95.86957,47.54357,-0.2069758,19.593204
11.695652,17.486189,-0.2609418,4.0757575
52.086956,25.453903,-0.3918495,9.779758
107.347824,54.14258,-0.27125564,20.136585
103.347824,51.377045,-0.28606305,20.02692
27.73913,25.278841,-0.53671086,8.555555
31.47826,22.548674,-0.51316226,10.301334
16.173914,13.333663,-0.38724697,7.253101
79.86957,40.1727,-0.3676223,16.824795
22.826086,14.338924,-0.46674144,9.006679
104.78261,52.036663,-0.20266108,21.096563
78.0,40.47783,-0.39072427,16.216673
99.73913,49.19185,-0.33435303,18.404589
80.0,40.30001,-0.3864977,13.974164
91.04348,45.45375,-0.38911083,12.025765
2.0,1.7056057,-0.18203232,2.4410377
89.347824,43.882706,-0.33966985,16.703482
3.4347825,3.2449412,-0.29745832,3.2707007
0.95652175,1.3973436,-0.26164418,3.4477613
59.217392,30.534565,-0.44840506,11.511837
91.0,44.957554,-0.36924663,16.13762
60.652172,32.77417,-0.4479852,10.453426
25.347826,31.918375,-0.46495306,9.182841
38.52174,19.187756,-0.42097977,9.02583
57.739132,27.542063,-0.4045309,10.668055
1.4347826,1.5904856,-0.09288931,1.1330472
18.391304,10.107329,-0.4002998,4.3362484
106.478264,53.335022,-0.2940291,19.402666
86.78261,43.96792,-0.38330853,13.565973
8.304348,7.295296,-0.2900727,4.42885
3.6956522,3.2534566,-0.17853823,1.613924
55.739132,27.16652,-0.42208466,12.845672
15.521739,16.183239,-0.29862097,5.1379366
64.26087,31.30091,-0.38931873,14.14432
24.173914,13.323432,-0.41343123,5.827762
65.13043,33.99907,-0.3916527,14.482731
26.130434,17.802717,-0.3554371,4.7911353
50.565216,32.161278,-0.4333474,10.141731
36.130436,19.424221,-0.39150375,7.501305
109.652176,53.87326,-0.20796731,20.774395
4.521739,3.2872975,-0.40553865,4.2575517
6.2608695,5.714554,-0.2211405,2.5198238
66.347824,35.272457,-0.3884998,13.638255
25.26087,20.322887,-0.3862332,5.9007497
6.347826,8.68441,-0.32890755,3.1205778
32.782608,20.002174,-0.5121429,8.235357
12.086957,11.912229,-0.3330998,3.558174
2.9130435,2.2746236,-0.33442506,3.4226005
90.695656,46.052773,-0.25761774,19.579315
54.95652,29.355932,-0.4166394,10.656378
4.6086955,3.5257382,-0.17874789,2.2048335
101.86957,50.83691,-0.13481861,23.033842
10.086957,9.935762,-0.3255353,5.77749
59.652172,29.593624,-0.41793382,12.062099
90.0,45.152267,-0.15767334,22.233915
24.608696,13.459498,-0.35803646,7.532624
11.695652,6.018417,-0.31939992,3.4569867
95.26087,47.63614,-0.39745453,13.925686
0.95652175,1.3306956,-0.092897736,1.1
9.086957,10.004149,-0.26129478,4.392886
66.86957,33.487183,-0.39925867,11.616245
56.913044,28.902521,-0.41926855,13.307312
107.26087,53.17571,-0.28433266,21.077435
1.8695652,2.3989458,-0.13624439,2.3700788
34.95652,24.108614,-0.3386595,6.626011
89.13043,44.711502,-0.3485291,16.373087
5.0869565,3.203876,-0.13722858,2.0613608
12.73913,6.9558177,-0.39826536,6.6076612
2.6086957,2.7259548,-0.34018084,2.112172
89.78261,44.581852,-0.26342142,18.83428
82.78261,40.642517,-0.3325761,16.548128
67.04348,33.91497,-0.39332995,13.003294
9.086957,8.08991,-0.33552408,3.952
27.913044,22.882929,-0.39965516,7.025437
84.521736,41.233116,-0.23849316,19.55696
18.130434,11.406953,-0.41433245,6.332944
27.826086,15.334608,-0.48645496,8.674331
95.86957,47.88177,-0.34976333,16.509447
30.695652,13.47872,-0.4157302,6.634277
6.3913045,5.6627903,-0.29316464,3.5206692
79.434784,38.72963,-0.3920429,11.365455
15.130435,17.85371,-0.32148054,5.499909
105.0,53.636826,-0.31731394,18.772291
30.086956,24.751333,-0.4377525,9.1769085
1.8695652,1.3586205,-0.36228564,4.703125
50.086956,27.434074,-0.47381777,10.681619
5.3913045,3.9166212,-0.21439685,3.2575822
31.391304,16.171635,-0.45419896,8.29766
77.478264,38.891304,-0.3770228,10.698896
8.478261,7.1723557,-0.39690855,5.5812926
49.217392,26.524357,-0.50287294,10.673191
63.782608,33.292038,-0.4049659,14.10207
63.52174,34.135918,-0.47884986,13.079036
78.652176,39.594086,-0.37892535,13.232052
26.956522,15.519718,-0.34761056,5.752788
1.7391304,2.579947,-0.13811256,1.6016427
9.956522,6.026293,-0.28833067,3.880202
41.173912,21.563126,-0.41296357,8.90696
92.304344,46.58954,-0.36136746,17.094332
53.47826,27.80103,-0.41082022,11.57871
24.347826,13.759653,-0.37358946,5.5411196
82.73913,40.255116,-0.37052292,14.764093
101.521736,50.88478,-0.36945477,15.575386
13.173913,10.865509,-0.3348312,6.5727625
3.3043478,3.5984187,-0.21509391,3.9256198
11.130435,7.5576835,-0.2892609,3.2500248
20.130434,21.162369,-0.45689604,6.202691
16.565218,13.973436,-0.36006215,5.965881
85.04348,43.11979,-0.37978286,16.513992
24.652174,13.94668,-0.27579364,3.7428799
23.130434,13.974992,-0.45089483,8.724813
96.78261,48.555458,-0.33292305,17.471973
95.478264,47.699696,-0.1889044,22.730883
91.478264,47.31026,-0.34555474,18.908056
6.695652,4.5370674,-0.3560045,6.226744
100.608696,50.817623,-0.23762025,20.77475
20.391304,14.947603,-0.3626551,5.81251
1.0,0.9534626,-0.1810421,3.3733332
28.956522,22.03402,-0.51730126,10.8770075
4.9130435,3.4629605,-0.3238289,4.2074466
60.304348,31.83685,-0.42030433,11.030802
94.82609,46.43632,-0.23024438,22.01806
6.6086955,3.7018316,-0.21632247,1.9806696
92.08696,45.79094,-0.3953845,13.985583
20.652174,11.023152,-0.508087,7.2591567
94.17391,47.241787,-0.21739091,20.736118
88.521736,45.420128,-0.3423101,15.644389
67.08696,34.112,-0.38228065,14.5801525
2.0869565,1.7558485,-0.17695485,2.5694761
0.6086956,1.1961731,-0.1794866,4.7894735
91.608696,46.360973,-0.34976515,18.191643
100.13043,50.6793,-0.21841846,20.658491
5.347826,4.9323487,-0.21776088,3.6263895
9.652174,6.0873094,-0.345072,4.1493573
25.73913,16.671198,-0.47720066,9.037818
42.52174,20.513565,-0.4320583,8.636952
40.260868,19.948154,-0.4209666,7.4792185
13.826087,10.360117,-0.29314813,5.990373
12.565217,12.452915,-0.25046507,4.987536
85.26087,42.58384,-0.37904498,15.531292
25.043478,22.684553,-0.38741496,6.0095806
0.3043478,0.63495046,-0.094076656,1.4
2.2608695,2.526539,-0.29759333,1.8519553
36.95652,21.378574,-0.46727267,8.163093
65.78261,32.086468,-0.39229447,15.461523
65.95652,33.751064,-0.37867913,17.335052
5.3913045,7.383884,-0.25997874,3.0023623
90.04348,45.18495,-0.30269903,19.527412
0.3478261,0.6472807,-0.094076656,1.3333334
3.6086957,2.8721094,-0.21766913,2.485756
6.9130435,6.50114,-0.33324856,3.2199435
19.869566,17.581768,-0.35622355,5.6785655
23.0,14.02919,-0.49551976,6.36362
24.913044,14.173962,-0.35607228,5.950977
78.86957,40.61382,-0.40258518,12.403758
7.826087,6.5063057,-0.21898966,3.424017
1.7391304,2.093657,-0.22431831,1.7105263
109.08696,53.60793,-0.17766249,21.244478
104.86957,52.18525,-0.17799929,21.94084
34.04348,18.410664,-0.42514342,6.717122
93.347824,47.314816,-0.26202273,19.755014
18.043478,9.631758,-0.31302682,4.49482
11.826087,10.823594,-0.30300242,4.9371734
31.347826,20.89717,-0.45386657,8.629276
108.347824,54.403885,-0.29262522,18.609392
29.347826,19.47868,-0.43585482,6.9002914
0.4347826,0.7877521,-0.1821662,2.142857
32.434784,21.10542,-0.47712064,9.400074
23.47826,13.694291,-0.3039252,5.1949024
3.4782608,3.0131464,-0.1359129,2.294844
82.13043,41.57939,-0.3074336,18.162352
20.652174,16.436127,-0.43154922,8.030173
48.869564,27.321827,-0.44923162,10.06035
26.869566,13.609169,-0.4069887,4.4971695
9.217391,6.8487325,-0.42299262,4.804726
0.95652175,1.1862186,-0.22389692,4.4423075
20.826086,17.478954,-0.40205193,7.9944835
16.26087,7.823144,-0.3851916,6.5846314
0.9130435,1.378835,-0.2243575,2.5
25.565218,17.97429,-0.45157862,9.59513
13.086957,9.28299,-0.21494019,2.4807692
0.13043478,0.34435022,-0.094076656,3.0
53.869564,26.45288,-0.4243999,8.563433
2.6956522,2.7705395,-0.17796004,2.3089132
88.304344,44.19835,-0.30938345,18.507565
0.6956522,1.1051443,-0.13873616,2.4489796
14.652174,6.1245313,-0.3852033,7.1107764
27.913044,13.214706,-0.35127288,5.318196
106.478264,52.884842,-0.19882554,22.452744
26.086956,16.54172,-0.33842683,5.4459496
104.78261,52.019188,-0.1759945,22.436235
47.173912,24.18236,-0.45478463,7.622523
85.304344,44.38308,-0.3323685,18.823483
1.3478261,1.7992094,-0.26357022,2.2572815
55.95652,29.058683,-0.44161564,13.213173
6.3913045,7.334471,-0.1812997,3.0555239
25.73913,18.073631,-0.45201617,7.012306
72.0,36.38431,-0.3296191,17.825792
14.26087,12.498063,-0.36149365,6.681784
33.695652,20.253922,-0.44174352,8.242868
32.652172,17.429361,-0.35182756,7.9988923
0.3043478,0.70290196,-0.094076656,2.3333333
6.9565215,4.6659136,-0.3493025,4.1218405
9.73913,6.823871,-0.38007596,5.631567
90.565216,45.2898,-0.4021015,12.22455
21.217392,21.13583,-0.36413515,6.194766
32.52174,14.559813,-0.41223815,8.099087
14.565217,13.924557,-0.36127043,5.024699
29.043478,26.030539,-0.43948817,10.196723
25.73913,17.5116,-0.49601436,7.2750564
23.695652,13.315865,-0.43361878,5.103453
17.130434,12.106739,-0.31577364,5.8599
19.130434,9.919239,-0.38194022,6.996523
94.434784,44.699833,-0.35445213,15.355347
58.869564,30.085188,-0.43941423,9.065349
3.3043478,3.1970837,-0.26052964,2.8106508
57.869564,29.351017,-0.43180767,11.402448
16.173914,11.757598,-0.42733184,6.87996
92.04348,45.29246,-0.3172733,19.881817
104.73913,54.001026,-0.20377946,23.015314
1.2608696,1.68462,-0.21810932,3.5304348
19.217392,11.409552,-0.32286504,4.608957
2.4782608,2.0196662,-0.18060198,1.3491124
31.565218,19.37155,-0.4443322,7.307169
53.434784,28.417067,-0.37643945,11.128405
11.130435,8.833327,-0.33209243,5.397718
106.95652,53.0167,-0.34089074,17.479023
0.47826087,0.8458221,-0.18112962,3.0555556
24.173914,13.519858,-0.39699826,7.866721
92.0,45.90306,-0.35947785,15.077216
8.913043,7.0253634,-0.3573521,5.991404
24.130434,24.204252,-0.41692978,6.922817
3.0869565,2.2342997,-0.17969136,1.5463597
30.52174,17.804161,-0.46468133,6.7887373
107.91304,53.341877,-0.32846615,17.333534
2.9565217,2.915137,-0.29962012,2.795092
1.3043479,1.4904174,-0.22563681,2.3641305
54.391304,31.091856,-0.47095394,12.6623535
35.391304,17.647404,-0.36541995,4.9154153
65.26087,32.157593,-0.34314606,7.4635525
3.5217392,5.0169673,-0.2193015,1.8336163
47.869564,31.366318,-0.46521193,9.391284
23.913044,13.85284,-0.37229884,5.833881
87.608696,44.443775,-0.41064942,11.643522
84.91304,42.059387,-0.28452387,19.737282
2.4782608,2.6262584,-0.21718185,3.7641509
14.434783,12.089913,-0.34684664,5.1948566
23.956522,20.224823,-0.4933462,9.266451
13.782609,11.520561,-0.31923705,4.9891424
20.26087,17.92717,-0.45586944,7.2534647
30.434782,16.202766,-0.32648745,6.609483
100.08696,50.809727,-0.1916945,22.898394
10.565217,11.696255,-0.3411544,4.0567055
0.7826087,0.9513876,-0.224953,4.935484
26.0,16.552946,-0.43700883,6.543365
0.26086956,0.68870044,-0.13794856,2.5
72.434784,37.62111,-0.3017291,18.789219
96.521736,47.781578,-0.37757406,15.000092
57.95652,26.52011,-0.46186548,14.5235
8.73913,4.3715754,-0.28175336,4.032905
109.478264,54.46923,-0.30594745,19.636646
73.0,37.361866,-0.39370266,13.52745
16.608696,10.853316,-0.3260828,3.5817788
100.73913,50.611908,-0.27216068,19.838268
78.391304,39.746628,-0.37974524,14.663829
93.304344,47.249275,-0.20687282,21.434618
17.52174,12.70601,-0.3963666,6.452366
3.7826087,3.0741816,-0.29419485,2.6160839
55.0,30.220402,-0.44074565,12.955856
3.9130435,3.4760616,-0.2969062,3.1485848
53.086956,27.092289,-0.38121048,6.174181
41.391304,25.001345,-0.49838594,9.979409
78.08696,41.779633,-0.33232504,14.691123
3.173913,2.790441,-0.13623612,2.0076394
84.91304,41.739357,-0.35090774,16.826397
7.652174,4.344366,-0.26100615,4.097924
84.17391,42.23382,-0.3713097,15.258313
13.565217,9.614507,-0.28802294,4.4169703
8.391304,8.937861,-0.22508259,3.5064344
65.565216,34.50142,-0.41347086,12.65188
14.956522,15.250867,-0.32924333,3.7716405
68.21739,34.186596,-0.41661933,12.561742
3.6956522,2.2040207,-0.32223237,4.8505435
44.173912,24.535044,-0.37048954,8.994679
97.86957,49.513363,-0.35010278,17.366684
9.434783,5.8684525,-0.29546317,3.3901346
0.2173913,0.5184349,-0.13937283,5.0
44.086956,22.91469,-0.470437,9.215535
94.17391,47.216766,-0.35929105,16.642498
74.695656,36.176884,-0.41272718,11.400745
58.782608,31.458424,-0.49610865,11.759171
10.913043,8.580703,-0.28553677,4.757392
84.91304,42.366276,-0.30659857,18.457891
11.391304,7.614216,-0.29212624,6.07516
73.304344,36.788628,-0.37982944,15.345653
0.95652175,0.92825645,-0.22322947,3.9827585
5.3913045,3.6648097,-0.29622886,3.556903
26.695652,15.531302,-0.35732582,6.167164
3.173913,2.6739852,-0.21523649,4.1714287
2.5217392,3.2734408,-0.09301977,1.8125
51.652172,28.000988,-0.3942236,12.207874
3.6956522,3.3088694,-0.21856402,2.4982505
13.217391,13.26635,-0.2771692,6.590727
27.869566,12.136738,-0.37916684,6.2238674
14.434783,7.9591346,-0.35070217,7.1721706
20.565218,12.911679,-0.35066882,6.321667
99.521736,48.845646,-0.232578,20.938543
49.826088,26.244743,-0.4057492,10.007703
110.91304,56.875393,-0.26320946,19.565119
34.434784,18.175472,-0.38064525,7.4158006
11.695652,12.289814,-0.2895196,4.3713317
76.565216,40.35279,-0.37795627,12.241629
21.130434,16.70412,-0.37946194,5.616422
0.9130435,1.2761106,-0.13719675,1.3636364
0.3043478,0.70290196,-0.18350755,5.25
63.652172,33.392445,-0.4584942,11.885332
24.086956,24.00173,-0.42764953,8.649407
68.13043,34.72791,-0.39343873,12.280663
65.73913,32.60956,-0.35352603,9.134947
29.608696,22.13746,-0.40325862,7.527308
79.521736,40.126923,-0.36066952,16.30042
1.4347826,1.9731398,-0.17902152,3.4285715
4.0869565,5.5588837,-0.18019943,1.7263033
32.347828,17.541143,-0.38078535,7.050199
2.652174,3.6631916,-0.17985137,1.6991644
90.04348,45.208084,-0.3936718,13.782874
8.391304,8.814962,-0.21847595,3.9463258
84.565216,41.38492,-0.3525683,14.99655
35.565216,16.99686,-0.32589754,6.691223
64.391304,32.173874,-0.39268723,11.555307
8.652174,6.9256353,-0.28830248,3.9969568
48.304348,25.890388,-0.41959473,10.141029
0.5217391,0.79025686,-0.18350755,1.8333334
11.695652,12.875046,-0.3714774,5.3118186
15.173913,13.023238,-0.35373786,6.0994377
13.0,14.53835,-0.286749,3.9576263
3.5217392,2.8423672,-0.21565773,2.986175
79.82609,40.80291,-0.30315575,17.472021
6.6086955,4.3977175,-0.25631514,3.3186812
28.608696,26.35378,-0.462364,8.679449
94.26087,47.423832,-0.35207283,17.65337
27.73913,14.759335,-0.36768022,4.963434
73.86957,38.062515,-0.3881269,14.753664
4.652174,3.2418947,-0.36524713,3.3615887
62.95652,30.114143,-0.42917368,11.779175
83.95652,41.15876,-0.33404624,19.316607
5.478261,2.7114162,-0.2948403,3.0630105
40.0,27.031967,-0.5024694,8.673191
10.869565,9.983188,-0.25465077,4.4991326
51.47826,25.263824,-0.44478634,11.8454075
17.565218,11.409032,-0.3069656,4.830643
8.782609,7.3109913,-0.26264212,3.7025352
105.78261,53.68761,-0.2792353,18.705208
23.565218,12.265347,-0.38388503,5.3782463
84.95652,44.473156,-0.30878973,18.760199
63.95652,34.74384,-0.4275278,14.155712
37.695652,20.774624,-0.5295514,10.75892
109.565216,54.305386,-0.33817187,17.654087
0.3043478,0.558796,-0.13937283,2.1
0.82608694,0.9367339,-0.13788025,2.8032787
24.826086,18.453016,-0.3756816,5.1846247
0.6086956,0.94094396,-0.2236998,2.4594595
1.0869565,1.3112466,-0.30178633,2.4390244
91.434784,46.923367,-0.29498354,19.956057
14.173913,17.319595,-0.37110928,5.6968493
91.434784,46.093605,-0.2978034,19.32259
31.826086,22.574427,-0.39849985,5.826985
83.652176,41.64199,-0.38156548,13.534922
93.304344,47.328094,-0.25808507,20.013783
27.956522,13.933211,-0.3653987,4.068096
4.6086955,3.8345218,-0.21911061,3.549107
16.0,17.082687,-0.25993475,5.421323
0.3478261,0.57276803,-0.2659698,9.333333
11.0,8.129632,-0.36542392,4.894519
4.9565215,4.016763,-0.28076464,5.7663383
38.695652,21.224846,-0.43445498,7.50019
28.391304,19.830507,-0.37691572,6.09215
8.913043,6.4731126,-0.3333664,3.2080393
64.95652,33.952477,-0.4250588,13.2745075
2.6086957,3.1296113,-0.22057788,1.235171
0.6086956,1.2699009,-0.0931281,1.7843137
4.521739,3.6039066,-0.297157,3.6836314
16.913044,8.969205,-0.31828994,4.5700965
6.6086955,4.0083904,-0.28981334,3.4670694
86.695656,43.699837,-0.39739755,12.373101
65.478264,34.33772,-0.41710433,13.501698
9.695652,7.534374,-0.2793459,3.9091914
95.73913,48.07496,-0.2526935,20.60157
6.6086955,5.1233788,-0.36724675,3.954514
44.260868,23.2696,-0.40669426,9.865883
19.565218,15.925468,-0.3665937,6.129042
18.347826,13.2342825,-0.41337436,4.2214036
10.478261,10.215272,-0.28771147,4.510293
35.652172,20.812166,-0.44189903,9.073934
1.0,2.1742291,-0.13753204,1.611465
3.1304348,3.4285479,-0.21855934,3.968944
107.26087,53.33702,-0.26384962,20.694
70.434784,34.908745,-0.38937396,14.846821
106.304344,53.73541,-0.3001602,19.46836
2.0869565,2.4292357,-0.17843457,2.4051173
24.52174,13.456562,-0.35784593,4.482383
28.52174,19.434902,-0.4583874,8.756113
63.826088,32.69369,-0.3992271,13.286338
55.608696,28.0012,-0.4107453,10.927531
53.565216,27.725647,-0.39696717,11.733424
95.695656,45.978687,-0.22533938,19.741037
21.130434,15.644646,-0.4275224,7.225049
12.304348,11.604994,-0.3579487,6.4204345
40.217392,19.851624,-0.4016412,8.236643
105.73913,52.736237,-0.16498008,21.556416
1.9565217,2.738252,-0.13819033,1.1484919
52.52174,25.407352,-0.40286312,12.400333
23.913044,14.311194,-0.4132849,6.603175
13.043478,8.73071,-0.4500227,4.99332
3.3913043,2.2102885,-0.22040685,2.7934883
2.8695652,3.733197,-0.21770321,3.2798166
0.5217391,0.8458221,-0.26494282,5.5
74.13043,35.137787,-0.3582085,17.890343
8.565217,8.958623,-0.31390518,6.036898
87.521736,44.700893,-0.3699555,15.906294
17.565218,13.908225,-0.41977072,7.5733557
40.47826,21.654036,-0.4539828,9.563589
60.391304,31.711395,-0.41853303,9.608433
1.6086956,2.6412656,-0.21442144,3.5238094
87.17391,44.3833,-0.34559518,18.79582
1.6521739,1.4015801,-0.3299298,6.892157
3.826087,3.8571324,-0.22133763,3.2006688
51.782608,29.474113,-0.4255728,11.1613455
55.95652,27.644625,-0.44610125,11.568822
43.52174,20.641682,-0.38731962,9.007956
78.78261,38.351196,-0.34754238,16.218391
1.1304348,1.3916749,-0.22422709,2.559055
88.17391,44.072926,-0.28014287,18.785673
3.0,4.786344,-0.17945434,1.7429421
6.652174,6.2275686,-0.29446226,3.275493
25.26087,22.09117,-0.4564458,7.9367847
27.347826,14.555876,-0.3318604,4.664431
60.04348,30.82425,-0.47740823,11.498473
54.52174,28.758982,-0.39780498,9.2451105
29.52174,17.119553,-0.45488483,6.4938498
17.782608,15.640729,-0.36013964,7.0102506
1.826087,1.2667845,-0.1810945,1.6431298
9.217391,8.549091,-0.32311457,4.958102
30.0,18.882412,-0.45728612,10.797901
0.5652174,0.94513524,-0.22345835,6.0
99.95652,50.074924,-0.3384248,16.2938
79.478264,39.403355,-0.39253256,14.076948
65.91304,32.922653,-0.44331965,14.545535
38.260868,20.360874,-0.3768476,7.040577
27.26087,18.188951,-0.4164893,7.3872995
72.78261,35.71854,-0.40228677,13.895184
2.5217392,2.0420482,-0.21689585,3.1129944
0.3043478,0.926125,-0.13801056,2.1
4.130435,3.9806845,-0.2142706,4.2645655
12.565217,9.857282,-0.2802512,4.5333333
61.608696,31.798712,-0.43076578,15.661859
86.478264,44.07212,-0.2790817,20.0193
99.0,49.122295,-0.34579068,15.732815
1.9565217,2.2858908,-0.26406708,1.9449902
2.3913043,2.6066198,-0.13721292,1.4984864
21.826086,17.089743,-0.44829947,8.643868
32.739132,18.063568,-0.46223995,6.490338
0.17391305,0.3875534,-0.13937283,6.0
1.0434783,1.2960871,-0.18008119,2.2809918
37.913044,22.463938,-0.41149208,8.391471
51.739132,27.092798,-0.4475372,10.356234
110.478264,55.7852,-0.3181774,19.62031
23.956522,14.22379,-0.46658602,8.361384
85.82609,44.37101,-0.34525198,18.434889
78.521736,38.335682,-0.33355102,18.045404
26.652174,15.933409,-0.35209486,4.8231726
34.260868,16.877142,-0.42659742,7.779958
0.13043478,0.4576966,-0.13704994,3.0
15.73913,9.061494,-0.33370438,5.9901905
87.86957,44.6301,-0.3679451,15.307277
107.13043,54.48795,-0.3844242,14.885461
74.521736,37.81879,-0.38697818,14.6515465
16.47826,13.574272,-0.25717038,5.4468102
23.130434,14.663822,-0.3860752,6.640933
71.82609,35.584282,-0.35965595,16.911495
56.565216,28.380253,-0.41899568,12.427258
2.826087,4.270961,-0.25937986,1.9734346
17.47826,15.494485,-0.3329449,5.5051565
54.0,28.289091,-0.40014562,10.785415
17.47826,17.898375,-0.40653223,5.8996487
27.782608,15.033165,-0.40286455,5.894595
68.391304,34.934666,-0.39067584,14.957573
2.347826,2.0137866,-0.22131667,2.3006432
8.043478,11.826312,-0.2545053,3.774673
37.782608,18.640026,-0.32239476,6.608481
4.173913,7.82567,-0.2587862,1.4258912
66.73913,34.47162,-0.39603597,13.210486
65.91304,33.59371,-0.41435704,12.149749
46.826088,23.751846,-0.37530002,9.5022135
31.52174,16.081806,-0.29943067,5.330449
66.86957,32.840252,-0.39104572,10.113486
74.04348,36.97232,-0.42428857,10.187211
12.391304,9.456787,-0.28678632,4.497166
98.13043,49.375465,-0.17760949,22.663023
54.95652,28.350851,-0.41458383,10.477338
1.3913044,1.827545,-0.09288818,1.1376147
88.08696,44.038116,-0.19743966,21.445486
1.6086956,1.6986393,-0.26164755,3.0272727
11.478261,9.467022,-0.3183385,5.4817624
8.086957,5.5914955,-0.2560062,2.3118784
14.521739,12.805785,-0.3306924,6.376677
58.869564,29.398987,-0.37218544,8.931955
8.0,6.34608,-0.21482073,3.3444576
8.608696,11.093565,-0.33391634,3.637262
95.91304,46.59293,-0.21135783,23.456995
86.95652,44.51198,-0.32850036,17.067091
87.652176,43.202072,-0.37497023,14.317475
60.652172,31.524317,-0.4308893,13.567502
35.652172,28.082037,-0.45247987,9.080559
87.565216,43.921238,-0.35025868,16.462614
89.86957,44.096283,-0.37895703,14.891557
4.0,3.82575,-0.33051917,5.193548
25.73913,12.639108,-0.36573884,6.3615403
1.3478261,1.6126966,-0.26567334,2.2037914
49.652172,23.898666,-0.41188824,13.072576
16.695652,19.857298,-0.29211643,5.1749473
23.608696,22.088127,-0.4894336,9.30053
70.91304,36.394196,-0.3976504,12.551722
93.95652,46.521236,-0.26936936,20.515463
94.695656,47.985256,-0.27158388,20.27619
8.956522,7.138107,-0.3307747,5.3823605
7.2608695,6.129047,-0.2188318,3.6237907
106.434784,53.15058,-0.26363164,20.457966
2.0,2.1320071,-0.13790758,2.875
46.913044,33.12773,-0.5191315,11.932559
26.434782,23.834326,-0.32070136,5.97178
1.9565217,1.7183042,-0.09329069,1.4864864
59.826088,30.930496,-0.3957005,14.246774
40.391304,20.08106,-0.46388003,9.251916
8.565217,8.933217,-0.22115159,4.3286996
7.9130435,6.037105,-0.25593603,3.5994318
1.4347826,1.2367879,-0.2610657,3.6923077
0.73913044,1.1761799,-0.1379234,2.4285715
32.217392,28.513086,-0.5157822,10.645725
51.304348,27.578705,-0.42278743,10.746165
11.304348,11.640192,-0.21828511,4.2809916
75.17391,37.10875,-0.31527436,15.370312
11.652174,14.735883,-0.2590585,4.0204515
45.391304,27.51981,-0.47800153,9.36778
102.695656,52.543,-0.23481707,20.918886
7.347826,5.498832,-0.2821314,4.6437683
4.2173915,2.8277283,-0.25813994,2.7022636
0.17391305,0.6503268,-0.094076656,2.0
96.521736,49.79948,-0.37799087,14.058251
12.391304,9.3989315,-0.2532777,3.9471374
44.173912,27.870892,-0.41611674,7.9011326
31.391304,14.754781,-0.375397,6.723696
18.869566,11.612314,-0.40001282,6.023141
12.73913,15.545293,-0.36253753,4.9950957
2.0869565,1.564174,-0.093062945,1.3960396
0.8695652,1.6321862,-0.18091594,2.4675324
61.869564,29.888132,-0.42657307,12.926282
91.695656,45.99351,-0.34394163,17.802742
0.73913044,1.0538843,-0.26166263,4.387097
4.652174,2.8221316,-0.35600626,3.1717002
37.04348,18.06674,-0.4246376,6.419116
43.130436,24.034643,-0.41055766,11.886919
13.304348,6.6499133,-0.24984163,3.1579483
83.82609,43.54898,-0.26862547,16.876942
9.73913,5.7225027,-0.28133434,4.48
102.78261,50.188694,-0.314224,16.332573
96.434784,48.95622,-0.25819877,18.95836
46.608696,29.453722,-0.4388837,9.110554
12.478261,8.989234,-0.33189762,4.0370846
14.73913,8.102847,-0.44699037,9.0478525
68.608696,34.75203,-0.38053477,14.849483
29.826086,20.373003,-0.41866845,6.683212
73.391304,36.223724,-0.3940004,13.654417
0.82608694,0.8868829,-0.375531,10.058824
14.086957,10.166402,-0.3260339,4.926191
80.17391,40.219456,-0.39445075,11.260518
0.95652175,1.2239377,-0.30168495,2.483871
5.652174,6.3217425,-0.17818019,2.9765708
15.217391,8.944051,-0.38048646,5.8078165
1.2173913,1.5942088,-0.30250573,1.9585493
106.521736,52.95699,-0.37761003,14.153331
5.2173915,8.011109,-0.22127637,2.40972
40.217392,22.77949,-0.4021734,7.247151
60.260868,30.779594,-0.39658135,12.106368
25.913044,15.770839,-0.38596535,7.604649
12.0,11.357817,-0.3654084,6.349339
21.391304,15.308166,-0.38537747,6.558041
58.217392,30.29395,-0.41404584,11.51136
108.95652,53.693134,-0.35129225,16.84863
0.5652174,1.1609591,-0.094076656,1.3928572
28.0,14.012981,-0.37280557,7.10351
23.47826,14.028768,-0.48228848,8.594968
91.91304,45.483177,-0.28953376,17.98392
9.652174,8.483185,-0.29565495,3.9174385
25.26087,22.67401,-0.37532744,6.5008874
51.47826,26.369524,-0.38333884,6.613869
52.95652,27.729994,-0.45532957,13.051685
15.565217,10.803308,-0.37189487,6.6648936
0.65217394,1.0706284,-0.30498758,5.25
71.21739,34.658012,-0.4268749,11.253551
76.565216,38.511894,-0.41208094,13.087851
23.0,15.825756,-0.46101683,7.3267927
77.521736,40.606617,-0.34442925,17.592472
26.086956,15.871395,-0.379428,6.2931185
1.826087,2.1669455,-0.2633967,1.4397993
53.782608,27.533379,-0.43375388,10.387896
94.86957,47.853283,-0.24295336,21.35012
9.130435,6.962917,-0.21249479,3.1566455
17.086956,20.065603,-0.3421467,5.590652
37.869564,18.689579,-0.4111242,5.8217454
17.130434,12.69683,-0.3039045,5.5506883
58.0,30.2715,-0.4117268,12.162109
63.304348,31.325903,-0.43193114,10.208952
14.304348,16.761522,-0.30230516,4.2285266
5.3913045,4.5401154,-0.2563796,2.9444015
27.391304,20.042543,-0.38964066,6.0706844
1.5217391,1.9509803,-0.1760995,1.8478261
59.347828,29.00409,-0.42336756,12.346879
82.0,41.091915,-0.38283572,14.065049
2.7391305,3.8520052,-0.29796773,3.0468018
19.434782,15.934029,-0.5225707,6.102296
51.608696,28.793528,-0.4329038,13.186913
95.82609,48.9542,-0.36363044,16.070286
5.9565215,4.1939163,-0.36017483,5.36327
2.4782608,1.6752087,-0.21802087,2.961039
49.260868,24.856346,-0.3992922,11.656209
97.13043,51.001163,-0.3900133,13.528563
91.86957,45.199863,-0.20725693,21.209333
10.347826,12.740803,-0.2955399,3.757394
10.956522,10.713111,-0.37373832,4.6068463
0.47826087,1.0816472,-0.13811418,1.5277778
83.91304,41.779633,-0.2867079,18.881456
23.652174,16.12905,-0.44820058,9.075023
5.652174,4.129811,-0.21504194,1.6871227
82.695656,40.85722,-0.3768367,14.6770935
43.695652,21.768272,-0.32791942,6.285554
11.217391,8.322786,-0.29536423,4.0613747
10.0,8.404544,-0.21639058,3.045565
58.52174,29.733467,-0.38112664,7.5056176
18.043478,12.009384,-0.42113274,6.6525984
29.304348,16.619907,-0.38012284,7.9140553
30.695652,15.345816,-0.30362988,5.012084
14.434783,10.629402,-0.42648357,6.958713
23.26087,20.221989,-0.47822118,9.199188
47.52174,24.7053,-0.37499085,9.061449
5.3913045,8.700779,-0.33375594,2.3861077
37.869564,19.993872,-0.35684836,7.70624
8.478261,6.0518184,-0.2837486,3.7425802
35.52174,21.555151,-0.50599885,8.508027
17.52174,9.609983,-0.40611395,3.0640013
67.0,33.300285,-0.376818,11.194162
45.47826,22.611078,-0.39353508,6.7513466
39.869564,25.149199,-0.4699719,8.844604
0.7826087,0.8504823,-0.22548233,3.4
97.608696,48.523415,-0.37583053,14.888992
7.0,5.760366,-0.21623033,4.811356
0.2173913,0.5184349,-0.13805035,5.0
11.304348,7.0222683,-0.322773,3.2670288
58.304348,28.69025,-0.4350653,9.22738
39.47826,24.323332,-0.5022764,11.609845
4.695652,3.5475316,-0.25392866,2.465017
91.26087,44.59537,-0.32949024,18.568172
102.95652,51.580017,-0.3539705,17.33401
24.565218,16.991512,-0.28782,5.307992
15.434783,12.449265,-0.25606072,4.778327
111.78261,54.94291,-0.3270344,17.54469
24.043478,22.312815,-0.46387538,8.373732
41.652172,22.190516,-0.43402904,8.964915
31.304348,16.86156,-0.4364789,6.435924
23.26087,18.92141,-0.42387864,9.34666
109.95652,54.72616,-0.33031863,18.051126
2.652174,2.9940653,-0.25533885,3.1826086
84.82609,41.682404,-0.34622395,17.585838
96.391304,48.976562,-0.34603703,18.426908
19.652174,15.484916,-0.4007189,7.172836
40.608696,20.130798,-0.45449784,7.5851016
31.869566,20.465723,-0.46273506,7.307837
20.47826,11.661395,-0.5313311,4.6099544
24.434782,22.78322,-0.4669805,8.894713
6.9130435,5.7121325,-0.2171519,3.5503109
65.565216,32.77586,-0.4153703,15.374846
0.5652174,1.0798185,-0.13782683,2.4375
0.73913044,1.0098331,-0.22417326,2.7755103
46.434784,21.721012,-0.44026694,8.826652
15.782609,12.06029,-0.39502934,3.3438344
1.6956521,3.3902907,-0.20915216,1.8903061
69.91304,35.02715,-0.39544323,15.618728
42.304348,25.318758,-0.52050614,9.15951
60.913044,31.935892,-0.38835996,8.920483
91.347824,46.00258,-0.3425297,17.49334
12.391304,6.959226,-0.31971478,4.9889054
72.608696,34.91384,-0.38125837,15.400252
2.2173913,2.17332,-0.2960017,4.9610896
4.304348,3.3088694,-0.1798058,2.5585444
14.26087,14.385022,-0.36781102,4.4989934
104.86957,51.488132,-0.20478682,20.967485
8.652174,4.647665,-0.37501666,6.112628
65.78261,34.430374,-0.3944039,11.803479
29.434782,18.43866,-0.3904825,7.02071
65.434784,33.29186,-0.38878095,13.179616
1.3913044,1.8766297,-0.22509955,3.0807455
27.956522,22.048456,-0.45921394,8.25546
10.869565,6.8177867,-0.40762836,7.294352
62.608696,31.121082,-0.40280488,15.557925
94.434784,45.86921,-0.1651627,21.89203
36.434784,19.472185,-0.41735438,8.4413185
9.217391,10.824873,-0.18281867,2.8855631
22.73913,25.454447,-0.41632804,8.914773
13.652174,9.078489,-0.43076196,5.0865335
70.304344,36.408585,-0.38718215,8.878276
15.913043,9.797556,-0.37038007,5.0184073
93.304344,45.92329,-0.21819982,19.906805
97.652176,49.501705,-0.34685683,16.179064
85.478264,42.6954,-0.3223957,16.153702
28.608696,15.26356,-0.41874626,7.6128974
18.173914,9.939143,-0.30756843,5.0296054
13.217391,6.908207,-0.3145618,4.5469446
38.0,21.59335,-0.44368333,7.937024
86.82609,44.61619,-0.25986785,21.087557
3.5652175,2.5730436,-0.21849017,1.7118556
58.347828,29.538279,-0.3995275,11.030475
23.695652,23.178036,-0.4284676,7.3157973
45.695652,23.820227,-0.36345178,8.532955
51.95652,25.401285,-0.42705002,9.794679
50.95652,26.953627,-0.43172494,10.618275
95.608696,47.437748,-0.35148346,16.590929
84.86957,43.552795,-0.3199299,20.038052
7.130435,7.460833,-0.18240905,2.6238713
6.0869565,4.8609114,-0.3583875,3.928139
21.347826,14.989719,-0.2892064,4.155555
20.304348,12.491578,-0.39953703,5.593533
35.565216,17.842304,-0.43026987,7.718229
93.695656,46.394,-0.30339128,18.454832
29.086956,18.850882,-0.4538005,8.871834
91.565216,45.548004,-0.3036013,19.54505
10.521739,6.4021983,-0.32759142,4.969496
89.478264,44.324085,-0.27639985,19.375816
13.695652,9.067598,-0.27809903,3.213659
66.478264,32.650867,-0.40910125,11.116508
4.3913045,3.0561285,-0.2515013,4.2724195
86.521736,43.237053,-0.29882658,19.419636
21.434782,15.45029,-0.42959937,9.068871
103.608696,52.22307,-0.34574094,16.436386
1.0869565,1.6212522,-0.22236888,2.6548672
4.304348,3.5857646,-0.3991608,4.185505
88.17391,44.576443,-0.35689446,15.93341
38.695652,22.897865,-0.35549453,7.7372384
38.52174,19.537539,-0.31953317,7.019031
6.3913045,5.4999104,-0.25804913,3.6662111
8.347826,8.266079,-0.33477783,4.3460536
108.78261,53.60288,-0.28350562,20.392706
0.4347826,0.7877521,-0.094076656,1.875
38.130436,20.278301,-0.39620975,9.81867
77.95652,37.976643,-0.39517418,14.156926
90.391304,44.381344,-0.37187317,15.086682
28.52174,17.283386,-0.3503325,8.6930485
11.652174,8.293529,-0.38164982,4.5317287
45.04348,24.503206,-0.36371756,7.100119
22.956522,22.00512,-0.363616,7.748705
34.173912,17.877493,-0.38972035,6.2281466
26.173914,18.541483,-0.44634807,8.427327
31.73913,23.02808,-0.5200997,9.692384
1.0434783,1.1862186,-0.22325923,3.5844157
97.21739,48.57137,-0.21930757,23.041025
48.086956,25.123175,-0.39865506,11.797305
76.26087,37.99069,-0.40316933,10.930621
73.08696,38.30252,-0.35848472,15.686893
52.086956,27.32783,-0.39456517,9.59304
85.82609,43.19896,-0.2813435,21.7805
74.13043,37.737495,-0.37857163,14.974178
13.913043,16.039476,-0.3709647,5.9772806
6.0869565,11.244849,-0.26204616,2.3457088
0.17391305,0.3875534,-0.18350755,4.0
25.608696,24.425655,-0.43131316,8.819251
83.0,43.71187,-0.34023944,17.78832
7.652174,5.1575956,-0.46993402,5.006502
7.347826,8.082578,-0.25898993,2.6947608
3.0869565,3.2180321,-0.22111744,1.75
20.130434,21.183836,-0.4399652,6.7122507
21.434782,13.395474,-0.49242923,7.528119
100.565216,50.88206,-0.27797222,18.032047
46.434784,23.577389,-0.44620356,10.322626
10.434783,11.028171,-0.328362,6.027743
71.86957,36.664703,-0.4098905,13.494945
98.21739,48.497383,-0.23885295,21.704147
79.347824,38.70472,-0.3901769,12.771835
17.73913,10.922111,-0.34632015,4.668166
47.391304,26.248358,-0.46861607,10.388494
18.130434,14.725687,-0.42547446,6.272037
13.826087,13.196598,-0.39851955,6.4478703
25.130434,21.110756,-0.3936182,7.019701
36.739132,19.624237,-0.40324506,8.408753
2.7826087,2.7953942,-0.2573369,3.5744681
27.913044,21.140038,-0.48129418,9.263089
19.608696,11.919194,-0.27116448,5.720769
56.739132,28.208988,-0.3850397,10.274598
65.08696,32.54635,-0.41143852,14.574083
5.0869565,3.6420903,-0.32193327,5.4549837
70.08696,33.89008,-0.37187776,15.409864
0.6956522,0.87567025,-0.22483848,4.8
49.869564,28.492908,-0.41798526,10.267791
46.695652,23.856455,-0.38331807,7.6358466
38.826088,23.367912,-0.48592955,8.039361
66.86957,32.776524,-0.41713434,10.815426
83.391304,41.654137,-0.2576868,20.44601
46.608696,26.463936,-0.45789388,10.219429
94.608696,46.895184,-0.24073105,20.773565
94.82609,46.994827,-0.19618383,22.702696
10.652174,8.772937,-0.2884035,4.1301646
11.0,5.885267,-0.3144997,4.5624733
22.347826,11.1502495,-0.36573398,4.662482
22.782608,15.198554,-0.43570656,5.859568
24.652174,15.387742,-0.44399825,6.609589
32.739132,15.259028,-0.33524284,6.8565617
37.869564,18.13912,-0.34791481,5.797426
58.652172,29.752935,-0.40056327,8.922203
15.130435,13.20573,-0.40436867,8.356816
55.95652,28.922276,-0.4214658,12.398732
96.478264,48.515106,-0.37660533,15.241744
7.7391305,7.5691805,-0.21965142,2.9417367
15.304348,14.626983,-0.29902112,4.274268
1.8695652,2.3219182,-0.2233611,1.7740668
19.73913,18.491318,-0.35879776,5.378472
14.0,15.637949,-0.4047808,6.7592206
10.782609,8.311856,-0.3620706,6.084227
64.13043,32.15489,-0.44775462,10.382562
59.826088,29.77591,-0.4107239,11.417812
78.391304,38.10242,-0.31069663,16.97123
85.08696,44.078354,-0.30083963,18.425295
59.95652,30.544271,-0.38350996,7.811714
2.9565217,3.0818863,-0.29709473,1.9288738
22.434782,19.697315,-0.3596411,6.2312994
10.608696,7.732688,-0.3602022,5.1450887
14.26087,10.523642,-0.36037955,7.062821
51.347828,25.959074,-0.3860861,10.442086
2.9565217,2.619477,-0.26137596,2.7314148
82.95652,41.995106,-0.32736632,17.457973
2.7826087,2.2554283,-0.2985644,1.8
23.173914,19.1303,-0.35072112,5.556435
69.73913,34.902744,-0.3926878,15.414386
68.608696,34.8539,-0.3948438,14.179036
85.91304,41.444283,-0.38352218,14.105919
0.4347826,0.66237086,-0.13937283,1.6071428
15.217391,12.841539,-0.37083256,5.6771703
99.0,48.772198,-0.29680282,19.124146
13.478261,19.258692,-0.33938146,5.116441
12.130435,10.16368,-0.32291412,4.290408
32.608696,29.725622,-0.44852415,7.5295553
38.217392,25.04715,-0.44468746,9.354691
21.26087,10.947052,-0.48066863,7.0107527
19.26087,10.345036,-0.24806431,3.9095519
8.956522,9.517822,-0.25915143,5.3537016
56.391304,27.265928,-0.44179884,13.065572
0.6956522,1.0195713,-0.04761905,1.0
106.608696,53.155636,-0.29121608,19.747034
78.82609,39.236637,-0.29222217,19.21998
47.52174,24.579868,-0.37185633,9.14266
10.0,8.079154,-0.29064003,2.491014
1.8695652,2.3799226,-0.37419614,3.5976095
13.478261,14.677966,-0.25675192,4.680903
60.086956,30.362825,-0.3896584,12.752178
16.0,12.258577,-0.4284443,7.3511868
58.608696,28.29992,-0.42284596,14.177398
50.130436,25.689234,-0.4651346,9.634678
9.173913,10.903094,-0.3018326,2.8433008
42.608696,20.103683,-0.39657757,8.541844
52.913044,27.452293,-0.35528123,9.005927
0.2173913,0.42174116,-0.22648084,5.0
58.130436,29.234638,-0.39601144,9.427519
55.95652,29.57345,-0.5107171,11.667503
56.739132,31.255861,-0.4408659,11.92332
19.434782,16.428429,-0.39556473,5.4399147
1.2173913,1.126399,-0.26169977,2.347826
30.130434,21.587673,-0.44538167,8.679433
14.217391,18.278046,-0.33302036,4.9184275
27.043478,17.955698,-0.4045053,6.201625
11.826087,16.414108,-0.26223555,3.3191643
4.2173915,4.078285,-0.21632853,3.049116
105.478264,52.34837,-0.29670176,18.302286
2.4347825,2.7440197,-0.33122468,3.6842105
2.347826,2.058435,-0.092909776,1.0384616
29.956522,33.81699,-0.5090861,9.657567
1.3478261,2.4235342,-0.13816452,1.5979382
53.52174,26.388477,-0.39509404,9.786765
99.434784,49.88243,-0.24260971,20.31175
92.478264,46.741913,-0.39233127,12.154874
15.869565,9.338602,-0.3341476,5.5009937
34.434784,18.20546,-0.35961732,7.4706287
94.78261,47.1689,-0.37803668,15.195161
3.826087,3.5503159,-0.25445738,3.360843
21.347826,16.73757,-0.3531358,7.731041
46.086956,37.50989,-0.4908351,9.88047
95.82609,47.72521,-0.32999855,18.228348
27.913044,18.451197,-0.5057637,9.670584
75.0,38.952187,-0.38774285,15.128654
79.521736,39.190525,-0.35718003,16.784534
28.0,27.591171,-0.4119558,7.5489845
27.565218,12.974893,-0.41285375,6.8898845
20.913044,18.556824,-0.43150747,6.467227
39.217392,21.023703,-0.37106076,8.12442
44.565216,26.868073,-0.46183798,10.96188
0.39130434,0.7827185,-0.18350755,4.0
12.695652,14.577176,-0.3395979,5.2817006
0.3478261,0.7751068,-0.18152437,5.6
50.304348,25.181946,-0.35373285,9.465083
59.608696,30.827583,-0.3819153,11.670623
36.913044,20.878246,-0.47010157,9.346385
23.565218,13.210967,-0.40454966,6.7528443
41.304348,21.755741,-0.3754678,4.650617
11.347826,7.6965675,-0.2873501,3.672873
8.130435,7.938997,-0.34294638,4.104555
6.2608695,6.716448,-0.40151972,2.9150622
70.13043,36.330933,-0.41245005,13.43736
2.0869565,2.4104517,-0.18097137,2.6793349
41.869564,22.65212,-0.38043505,6.938747
53.565216,26.82066,-0.44744435,12.587915
7.0869565,6.171143,-0.32244858,5.30454
91.95652,46.11101,-0.35217035,16.149004
98.478264,48.569416,-0.39014658,13.926803
79.08696,40.33486,-0.35210016,17.380808
16.391304,14.7332,-0.40211618,5.968003
74.95652,37.66778,-0.3455844,17.235798
81.82609,40.50999,-0.35853982,15.407162
56.52174,27.701115,-0.44168958,11.282219
19.47826,13.159406,-0.35061377,5.57754
64.347824,34.24326,-0.4099426,9.066254
26.73913,25.61998,-0.48461196,9.068444
10.869565,7.8410597,-0.38219815,5.908314
81.565216,41.914227,-0.35068795,18.252626
63.739132,32.36611,-0.4488467,12.939762
69.565216,35.48601,-0.3884184,14.355936
69.695656,32.600105,-0.39351076,12.888879
46.304348,23.90214,-0.4318583,10.536122
10.73913,9.08654,-0.29232502,4.012282
12.0,6.835735,-0.3201613,4.4277215
93.21739,46.71184,-0.24167009,16.790522
45.47826,25.139374,-0.41647527,9.9371805
33.391304,16.053148,-0.41410133,7.612903
45.217392,28.06155,-0.4642981,11.866722
72.73913,36.877213,-0.3568324,16.299126
97.26087,49.1336,-0.18325421,21.503511
79.73913,40.15789,-0.32670128,17.946987
74.73913,38.617256,-0.39585015,13.669379
8.26087,5.445744,-0.31675908,5.502605
35.739132,18.528154,-0.38389757,6.4964285
15.086957,12.060126,-0.4036529,6.571538
42.130436,21.696888,-0.26848555,5.977441
4.9130435,2.7946873,-0.2189499,2.587081
87.695656,44.475155,-0.27489132,19.491846
95.0,46.11251,-0.23667853,21.794914
11.608696,6.2866316,-0.35075995,6.2431436
0.39130434,0.5830274,-0.18350755,2.4
26.0,17.14643,-0.4567214,7.1486983
101.73913,50.863647,-0.3847917,13.35769
14.478261,11.349287,-0.39447147,5.6887927
26.086956,14.440829,-0.40464064,7.3317013
18.73913,12.610304,-0.35033265,4.294619
2.347826,2.3857284,-0.21659514,3.1870823
0.95652175,1.8944479,-0.29894435,3.7258065
7.2608695,5.029164,-0.35504988,5.1204286
93.304344,45.72689,-0.21645878,21.637133
94.13043,47.411453,-0.2009861,21.150175
11.391304,12.801772,-0.29858017,4.727738
18.434782,19.066454,-0.49858457,9.066424
37.52174,22.870922,-0.49426648,8.861299
21.434782,19.495514,-0.41127664,6.4053025
71.21739,37.492977,-0.35809764,16.200478
79.652176,41.403347,-0.2829163,17.777264
11.782609,12.869825,-0.3317163,5.259488
78.13043,38.795856,-0.3819146,14.706956
76.95652,40.931736,-0.41821218,11.640148
30.52174,17.53145,-0.39645046,7.7316175
12.26087,13.568739,-0.32858354,4.3534775
33.782608,19.444458,-0.43804508,7.8546195
16.913044,14.6191435,-0.4296116,6.224
73.86957,37.516426,-0.3565553,15.878854
17.304348,9.373244,-0.38132462,6.458715
31.0,22.77359,-0.3770299,6.4245615
40.739132,21.479837,-0.39106637,6.6803164
15.347826,17.198332,-0.3701405,5.6857324
73.13043,37.32572,-0.3542588,16.580904
97.78261,48.473946,-0.16665815,20.144043
74.521736,38.744934,-0.38280267,14.510348
8.217391,5.608083,-0.28943637,4.9009657
33.434784,23.206242,-0.5187005,8.708485
3.0,3.6680439,-0.2594993,2.406154
99.304344,50.40692,-0.27552214,17.980097
59.217392,30.531588,-0.35263473,9.885882
11.913043,11.72764,-0.29735667,5.238969
92.478264,45.272778,-0.29782948,17.941748
0.13043478,0.4576966,-0.094076656,3.0
60.04348,32.11553,-0.44354954,12.668209
69.695656,34.90954,-0.3707297,16.254436
11.130435,9.358051,-0.28783873,5.2024226
8.304348,5.003951,-0.36031428,6.448117
72.04348,36.369915,-0.37658793,16.017511
16.652174,15.558127,-0.41637984,6.5303516
34.260868,25.898785,-0.4561994,8.973982
3.4782608,2.7776637,-0.22131863,2.304887
80.304344,41.959324,-0.39987734,14.785355
4.869565,3.2655828,-0.43680358,3.9769673
72.91304,36.695198,-0.37719107,14.976406
30.217392,17.106503,-0.38996705,5.8850875
18.913044,12.752586,-0.36247006,6.022778
2.4347825,2.2728853,-0.13708961,2.1241379
50.04348,26.571478,-0.40407375,10.496495
65.26087,33.734547,-0.40796724,11.564657
91.21739,46.074993,-0.3322024,18.543911
52.869564,28.20913,-0.49499348,10.924579
82.08696,40.47661,-0.37219813,15.144385
5.652174,3.6879249,-0.17663318,1.9959533
17.086956,13.371996,-0.25225726,3.438443
6.0434785,6.3064055,-0.2576478,2.4479327
5.869565,4.3724794,-0.29024896,2.3554688
72.82609,36.089096,-0.38579735,12.811498
8.086957,4.8233624,-0.35606986,4.2450037
13.956522,13.319427,-0.36952135,5.275809
110.13043,55.448013,-0.30392373,18.131937
0.9130435,1.7297673,-0.094076656,1.1052631
48.347828,29.748352,-0.46873966,11.396133
2.2173913,1.8818879,-0.25701365,4.292929
1.5652174,1.779328,-0.13819286,1.1229947
15.26087,10.867873,-0.3276979,7.25121
17.347826,17.23793,-0.33059606,5.230977
10.695652,9.827765,-0.41959313,6.1777368
6.521739,4.4402046,-0.34636325,6.4632735
22.956522,11.502878,-0.30608618,4.441862
64.21739,33.027477,-0.4483249,13.169178
91.608696,45.114742,-0.34092242,17.822083
106.04348,52.34803,-0.23162739,22.082317
53.95652,27.939022,-0.41130927,10.852339
57.04348,29.538078,-0.41051856,10.263088
16.608696,17.73476,-0.44769987,5.7336116
29.652174,14.892367,-0.36893833,6.523245
16.47826,11.97296,-0.3707479,6.28673
50.217392,24.160366,-0.42745262,10.584213
0.95652175,1.6645573,-0.3029133,3.609375
45.95652,22.547884,-0.48586324,8.786699
97.391304,48.648777,-0.30807173,18.666666
42.347828,22.720852,-0.46141022,9.049693
102.17391,50.921196,-0.3124974,17.747509
10.913043,7.873506,-0.32842398,3.0191493
18.217392,12.648954,-0.31936905,5.840792
3.0869565,3.3698266,-0.33489802,3.692422
1.4347826,1.5023038,-0.13697879,1.2110091
70.08696,35.15151,-0.3994152,13.827885
59.826088,30.513264,-0.40868232,10.844645
