R0_true,sigma_true,n_seeds,R0_mean,R0_bias,R0_sd,sigma_mean,sigma_bias,sigma_sd,source_file
1.2,0.5,20,1.193718592964824,-0.00628140703517599,0.10685398389079308,0.6806030150753769,0.1806030150753769,0.15401967120681684,peak_estimates_sigma0p5_R01p2.csv
1.4,0.5,20,1.4914572864321607,0.09145728643216078,0.1359338158196931,0.6126633165829146,0.11266331658291462,0.18935742488421595,peak_estimates_sigma0p5_R01p4.csv
1.6,0.5,20,1.6301507537688444,0.03015075376884435,0.1597376037928186,0.5009045226130653,0.0009045226130652839,0.13604890294128066,peak_estimates_sigma0p5_R01p6.csv
1.8,0.5,20,1.8849246231155778,0.0849246231155778,0.3103092437576084,0.5268341708542714,0.026834170854271422,0.15207237832053497,peak_estimates_sigma0p5_R01p8.csv
2.0,0.5,20,2.123869346733669,0.1238693467336689,0.20210802236463776,0.5240201005025128,0.024020100502512798,0.07342832724187326,peak_estimates_sigma0p5_R02p0.csv
2.2,0.5,20,2.227889447236181,0.02788944723618103,0.3554208253760313,0.47758793969849245,-0.022412060301507553,0.11035331001540555,peak_estimates_sigma0p5_R02p2.csv
2.4,0.5,20,2.4909547738693463,0.09095477386934636,0.24891316870246416,0.5121608040201006,0.012160804020100557,0.0728687173203727,peak_estimates_sigma0p5_R02p4.csv
2.6,0.5,20,2.634170854271357,0.0341708542713568,0.31422783673920307,0.4934673366834172,-0.00653266331658281,0.09575677048544814,peak_estimates_sigma0p5_R02p6.csv
2.8,0.5,20,2.8188442211055276,0.018844221105527748,0.35179459144558456,0.48783919597989966,-0.012160804020100335,0.09450859428884281,peak_estimates_sigma0p5_R02p8.csv
3.0,0.5,20,2.9334170854271364,-0.06658291457286358,0.3347410883825836,0.47015075376884435,-0.029849246231155646,0.083348292183566,peak_estimates_sigma0p5_R03p0.csv
1.2,0.6,20,1.2005025125628142,0.0005025125628141947,0.1151331669099116,0.7220100502512563,0.12201005025125633,0.13417918464679882,peak_estimates_sigma0p6_R01p2.csv
1.4,0.6,20,1.3753768844221106,-0.02462311557788932,0.14417543628049767,0.7137688442211056,0.11376884422110567,0.16620703419329008,peak_estimates_sigma0p6_R01p4.csv
1.6,0.6,20,1.6361809045226132,0.03618090452261313,0.15300618310854414,0.6450251256281408,0.04502512562814087,0.12397027217812774,peak_estimates_sigma0p6_R01p6.csv
1.8,0.6,20,1.8585427135678394,0.058542713567839355,0.3013279682141006,0.6118592964824121,0.01185929648241213,0.1335195533612315,peak_estimates_sigma0p6_R01p8.csv
2.0,0.6,20,2.1223618090452256,0.12236180904522564,0.31827766426079124,0.6404020100502512,0.040402010050251236,0.1135819283342771,peak_estimates_sigma0p6_R02p0.csv
2.2,0.6,20,2.339447236180905,0.1394472361809047,0.5183473782359422,0.601608040201005,0.0016080402010050232,0.134575592055644,peak_estimates_sigma0p6_R02p2.csv
2.4,0.6,20,2.5361809045226136,0.13618090452261367,0.5348969848938752,0.6004020100502514,0.00040201005025142234,0.1214211866742483,peak_estimates_sigma0p6_R02p4.csv
2.6,0.6,20,2.2180904522613067,-0.38190954773869334,0.3501698346976474,0.4735678391959799,-0.1264321608040201,0.11916608497108595,peak_estimates_sigma0p6_R02p6.csv
2.8,0.6,20,2.687688442211055,-0.11231155778894486,0.43786871323831045,0.5529648241206031,-0.04703517587939687,0.09806165870465902,peak_estimates_sigma0p6_R02p8.csv
3.0,0.6,20,2.921356783919598,-0.07864321608040203,0.5011520195898492,0.5587939698492463,-0.041206030150753636,0.10128129894003311,peak_estimates_sigma0p6_R03p0.csv
1.2,0.7,20,1.2095477386934672,0.009547738693467256,0.10200021319450604,0.7378894472361811,0.03788944723618115,0.13014594401898627,peak_estimates_sigma0p7_R01p2.csv
1.4,0.7,20,1.3587939698492462,-0.04120603015075375,0.17046020800566236,0.6749748743718594,-0.02502512562814052,0.16491066679755592,peak_estimates_sigma0p7_R01p4.csv
1.6,0.7,20,1.60678391959799,0.0067839195979899625,0.14615097172576252,0.7147738693467338,0.014773869346733859,0.11434323234542243,peak_estimates_sigma0p7_R01p6.csv
1.8,0.7,20,1.8012562814070354,0.0012562814070353756,0.2618119895199743,0.7525628140703517,0.05256281407035179,0.11475164343882632,peak_estimates_sigma0p7_R01p8.csv
2.0,0.7,20,1.994974874371859,-0.005025125628141058,0.36666928649030095,0.6691457286432161,-0.03085427135678387,0.16614305121760248,peak_estimates_sigma0p7_R02p0.csv
2.2,0.7,20,2.2022613065326633,0.0022613065326630988,0.3682277442856081,0.6910552763819096,-0.0089447236180904,0.11228495573082668,peak_estimates_sigma0p7_R02p2.csv
2.4,0.7,20,2.5444723618090452,0.14447236180904532,0.46112641753433675,0.7204020100502514,0.02040201005025144,0.08762552410224567,peak_estimates_sigma0p7_R02p4.csv
2.6,0.7,20,2.5603015075376883,-0.03969849246231183,0.46976190304169496,0.6806030150753769,-0.01939698492462305,0.1019476111865498,peak_estimates_sigma0p7_R02p6.csv
2.8,0.7,20,2.650753768844221,-0.14924623115577873,0.5401398020476746,0.6623115577889448,-0.03768844221105516,0.10539783707381763,peak_estimates_sigma0p7_R02p8.csv
3.0,0.7,20,2.818844221105527,-0.18115577889447287,0.5026248882659667,0.6542713567839196,-0.04572864321608039,0.0901001108802636,peak_estimates_sigma0p7_R03p0.csv
1.2,0.8,20,1.1469849246231154,-0.053015075376884546,0.09532937203814335,0.7475376884422112,-0.0524623115577888,0.10157251096312277,peak_estimates_sigma0p8_R01p2.csv
1.4,0.8,20,1.3979899497487436,-0.0020100502512563345,0.13654838764829771,0.7666331658291459,-0.033366834170854176,0.10418414059263638,peak_estimates_sigma0p8_R01p4.csv
1.6,0.8,20,1.5856783919597988,-0.014321608040201328,0.1942495786962246,0.7833165829145728,-0.0166834170854272,0.15238974788484547,peak_estimates_sigma0p8_R01p6.csv
1.8,0.8,20,1.7741206030150753,-0.025879396984924696,0.2750900296882082,0.7831155778894472,-0.016884422110552855,0.10046844172557202,peak_estimates_sigma0p8_R01p8.csv
2.0,0.8,20,2.032663316582915,0.03266331658291488,0.37475196769559693,0.8088442211055276,0.008844221105527517,0.09974621546810344,peak_estimates_sigma0p8_R02p0.csv
2.2,0.8,20,2.3643216080402008,0.16432160804020057,0.43702173863231714,0.8198994974874372,0.019899497487437134,0.09821766716948058,peak_estimates_sigma0p8_R02p2.csv
2.4,0.8,20,2.572361809045226,0.1723618090452259,0.3181883951690461,0.8176884422110554,0.017688442211055366,0.0626505356000628,peak_estimates_sigma0p8_R02p4.csv
2.6,0.8,20,2.7984924623115575,0.19849246231155737,0.5394439994596045,0.8259296482412062,0.025929648241206138,0.0693621408088382,peak_estimates_sigma0p8_R02p6.csv
2.8,0.8,20,2.7683417085427133,-0.03165829145728649,0.5293718448918526,0.7774874371859297,-0.022512562814070325,0.08901046078232021,peak_estimates_sigma0p8_R02p8.csv
3.0,0.8,20,3.016331658291457,0.016331658291456996,0.44677644724577126,0.8086432160804021,0.008643216080402083,0.04085997859257773,peak_estimates_sigma0p8_R03p0.csv
1.2,0.9,20,1.1386934673366833,-0.06130653266331665,0.06910136783335862,0.6699497487437187,-0.2300502512562813,0.17342141584514506,peak_estimates_sigma0p9_R01p2.csv
1.4,0.9,20,1.3821608040201006,-0.017839195979899358,0.13853771022401182,0.7726633165829145,-0.12733668341708548,0.15306127862448096,peak_estimates_sigma0p9_R01p4.csv
1.6,0.9,20,1.491457286432161,-0.10854271356783918,0.14313462514665234,0.8160804020100503,-0.08391959798994975,0.12472119064493327,peak_estimates_sigma0p9_R01p6.csv
1.8,0.9,20,1.7929648241206029,-0.007035175879397171,0.19425727574216817,0.8876381909547739,-0.012361809045226102,0.05072466766862691,peak_estimates_sigma0p9_R01p8.csv
2.0,0.9,20,1.9761306532663312,-0.023869346733668806,0.19624674121071412,0.8611055276381911,-0.038894472361808874,0.0954674196832508,peak_estimates_sigma0p9_R02p0.csv
2.2,0.9,20,2.173618090452261,-0.026381909547739113,0.18052558831898333,0.8874371859296483,-0.012562814070351758,0.050548709694140055,peak_estimates_sigma0p9_R02p2.csv
2.4,0.9,20,2.4585427135678395,0.05854271356783958,0.38128219677165104,0.898894472361809,-0.0011055276381910506,0.04787438780806365,peak_estimates_sigma0p9_R02p4.csv
2.6,0.9,20,2.698994974874372,0.0989949748743717,0.5823509117114938,0.8946733668341709,-0.005326633165829153,0.06226000546385896,peak_estimates_sigma0p9_R02p6.csv
2.8,0.9,20,2.6741206030150755,-0.12587939698492434,0.25804772712375784,0.9143718592964826,0.014371859296482548,0.038251597894473376,peak_estimates_sigma0p9_R02p8.csv
3.0,0.9,20,3.1708542713567835,0.17085427135678355,0.5464256370474893,0.9139698492462314,0.013969849246231347,0.042612666109221715,peak_estimates_sigma0p9_R03p0.csv
1.2,0.94,20,1.1477386934673368,-0.05226130653266314,0.07804329108871234,0.7035175879396987,-0.2364824120603013,0.15029888172324496,peak_estimates_sigma0p94_R01p2.csv
1.4,0.94,20,1.3587939698492462,-0.04120603015075375,0.13462519912154647,0.8160804020100503,-0.12391959798994967,0.09935659868155651,peak_estimates_sigma0p94_R01p4.csv
1.6,0.94,20,1.47035175879397,-0.12964824120603002,0.19488433019506943,0.8285427135678394,-0.11145728643216057,0.08071112227328127,peak_estimates_sigma0p94_R01p6.csv
1.8,0.94,20,1.773366834170854,-0.0266331658291461,0.20273586976241825,0.8852261306532665,-0.05477386934673345,0.080533877579938,peak_estimates_sigma0p94_R01p8.csv
2.0,0.94,20,1.999497487437186,-0.0005025125628139726,0.2863736907707315,0.8804020100502512,-0.05959798994974874,0.09685966095684272,peak_estimates_sigma0p94_R02p0.csv
2.2,0.94,20,2.2286432160804024,0.028643216080402212,0.38740152575833653,0.9129648241206031,-0.027035175879396856,0.044120488547372744,peak_estimates_sigma0p94_R02p2.csv
2.4,0.94,20,2.5489949748743723,0.1489949748743724,0.5795461115170376,0.9296482412060302,-0.010351758793969768,0.07082322094394773,peak_estimates_sigma0p94_R02p4.csv
2.6,0.94,20,2.7683417085427138,0.16834170854271369,0.4898697877908001,0.9264321608040202,-0.013567839195979703,0.04367141705870195,peak_estimates_sigma0p94_R02p6.csv
2.8,0.94,20,2.9002512562814067,0.10025125628140685,0.48244863158124895,0.9250251256281408,-0.014974874371859181,0.04236994816995227,peak_estimates_sigma0p94_R02p8.csv
3.0,0.94,20,3.0178391959798994,0.017839195979899358,0.518139651982262,0.9290452261306534,-0.010954773869346512,0.04286889318367874,peak_estimates_sigma0p94_R03p0.csv
1.2,0.975,20,1.1748743718592964,-0.025125628140703515,0.07615048670505975,0.7477386934673367,-0.2272613065326633,0.14861428137297733,peak_estimates_sigma0p975_R01p2.csv
1.4,0.975,20,1.298492462311558,-0.101507537688442,0.12272660920897535,0.7583919597989951,-0.21660804020100488,0.11366745542717177,peak_estimates_sigma0p975_R01p4.csv
1.6,0.975,20,1.571356783919598,-0.02864321608040199,0.19068383735674238,0.8532663316582914,-0.12173366834170862,0.08819662471761294,peak_estimates_sigma0p975_R01p6.csv
1.8,0.975,20,1.7695979899497487,-0.030402010050251338,0.26978629553314254,0.8661306532663318,-0.10886934673366822,0.11162262734259912,peak_estimates_sigma0p975_R01p8.csv
2.0,0.975,20,1.9565326633165827,-0.04346733668341729,0.24033539313830973,0.9121608040201007,-0.06283919597989929,0.04272977585045676,peak_estimates_sigma0p975_R02p0.csv
2.2,0.975,20,2.169849246231156,-0.03015075376884413,0.4431615617225573,0.9133668341708546,-0.06163316582914535,0.049879183236639084,peak_estimates_sigma0p975_R02p2.csv
2.4,0.975,20,2.4276381909547737,0.027638190954773822,0.3698233003789707,0.9390954773869347,-0.035904522613065315,0.0326144936519631,peak_estimates_sigma0p975_R02p4.csv
2.6,0.975,20,2.6040201005025123,0.004020100502512225,0.46156523594143606,0.9288442211055277,-0.04615577889447231,0.06218481962254552,peak_estimates_sigma0p975_R02p6.csv
2.8,0.975,20,2.738190954773869,-0.06180904522613062,0.4725190642367544,0.9338693467336684,-0.041130653266331585,0.0522283378197755,peak_estimates_sigma0p975_R02p8.csv
3.0,0.975,20,2.7698492462311557,-0.2301507537688443,0.4370190015927533,0.9483417085427137,-0.026658291457286265,0.04278945294829771,peak_estimates_sigma0p975_R03p0.csv
